SAMPLE_ID,PATIENT_ID,GENDER,CANCER_TYPE,TREATMENT_STATUS,SAMPLE_TYPE,ICD_10,PRETREATMENT_HISTORY,PRIOR_GLIOMA,KARNOFSKY_PERFORMANCE_SCORE,OS_STATUS,OS_MONTHS,DFS_STATUS,DFS_MONTHS,ACGH_DATA,MRNA_DATA,SEQUENCED,COMPLETE_DATA,CANCER_TYPE_DETAILED
TCGA.02.0001.01,TCGA.02.0001.01,FEMALE,Glioma,Untreated,Primary,NA,YES,NO,80,DECEASED,11.60547945,Recurred,4.504109589,YES,YES,YES,YES,Glioblastoma Multiforme
TCGA.02.0003.01,TCGA.02.0003.01,MALE,Glioma,Untreated,Primary,NA,NO,NO,100,DECEASED,4.734246575,Recurred,1.315068493,YES,YES,YES,YES,Glioblastoma Multiforme
TCGA.02.0004.01,TCGA.02.0004.01,MALE,Glioma,Untreated,Primary,NA,NO,NO,80,DECEASED,11.34246575,Recurred,10.32328767,NO,YES,YES,NO,Glioblastoma Multiforme
TCGA.02.0006.01,TCGA.02.0006.01,FEMALE,Glioma,Untreated,Primary,NA,NO,NO,80,DECEASED,18.34520548,Recurred,9.928767123,YES,YES,YES,YES,Glioblastoma Multiforme
TCGA.02.0007.01,TCGA.02.0007.01,FEMALE,Glioma,Treated,Primary,NA,YES,NO,80,DECEASED,23.17808219,Recurred,17.03013699,YES,YES,YES,YES,Glioblastoma Multiforme
TCGA.02.0009.01,TCGA.02.0009.01,FEMALE,Glioma,Untreated,Primary,NA,NO,NO,80,DECEASED,10.58630137,Recurred,8.679452055,YES,YES,YES,YES,Glioblastoma Multiforme
TCGA.02.0010.01,TCGA.02.0010.01,FEMALE,Glioma,Treated,Primary,NA,YES,NO,80,DECEASED,35.40821918,Recurred,11.53972603,YES,YES,YES,YES,Glioblastoma Multiforme
TCGA.02.0011.01,TCGA.02.0011.01,FEMALE,Glioma,Untreated,Primary,NA,NO,NO,80,DECEASED,20.71232877,Recurred,4.734246575,YES,YES,YES,YES,Glioblastoma Multiforme
TCGA.02.0014.01,TCGA.02.0014.01,MALE,Glioma,Untreated,Primary,NA,NO,NO,100,DECEASED,82.55342466,NA,NA,YES,YES,YES,YES,Glioblastoma Multiforme
TCGA.02.0015.01,TCGA.02.0015.01,MALE,Glioma,Untreated,Primary,NA,NO,NO,80,DECEASED,20.61369863,Recurred,14.99178082,NO,YES,YES,NO,Glioblastoma Multiforme
TCGA.02.0016.01,TCGA.02.0016.01,MALE,Glioma,Untreated,Primary,NA,NO,NO,100,LIVING,55.85753425,Recurred,55.85753425,NO,YES,YES,NO,Glioblastoma Multiforme
TCGA.02.0021.01,TCGA.02.0021.01,FEMALE,Glioma,Untreated,Primary,NA,YES,NO,80,DECEASED,77.62191781,Recurred,8.350684931,YES,YES,YES,YES,Glioblastoma Multiforme
TCGA.02.0023.01,TCGA.02.0023.01,FEMALE,Glioma,Untreated,Primary,NA,NO,NO,80,DECEASED,20.12054795,Recurred,14.30136986,NO,YES,YES,NO,Glioblastoma Multiforme
TCGA.02.0024.01,TCGA.02.0024.01,MALE,Glioma,Treated,Primary,NA,YES,NO,100,DECEASED,53.0630137,Recurred,46.02739726,YES,YES,YES,YES,Glioblastoma Multiforme
TCGA.02.0025.01,TCGA.02.0025.01,MALE,Glioma,Untreated,Primary,NA,NO,NO,100,DECEASED,42.73972603,Recurred,21.56712329,NO,YES,YES,NO,Glioblastoma Multiforme
TCGA.02.0026.01,TCGA.02.0026.01,MALE,Glioma,Untreated,Primary,NA,NO,NO,80,DECEASED,24.59178082,Recurred,15.1890411,YES,YES,YES,YES,Glioblastoma Multiforme
TCGA.02.0027.01,TCGA.02.0027.01,FEMALE,Glioma,Untreated,Primary,NA,NO,NO,100,DECEASED,12.16438356,Recurred,8.449315068,YES,YES,YES,YES,Glioblastoma Multiforme
TCGA.02.0028.01,TCGA.02.0028.01,MALE,Glioma,Treated,Primary,NA,YES,NO,100,DECEASED,90.57534247,Recurred,63.15616438,YES,YES,YES,YES,Glioblastoma Multiforme
TCGA.02.0033.01,TCGA.02.0033.01,MALE,Glioma,Untreated,Primary,NA,NO,NO,100,DECEASED,2.82739726,Recurred,1.052054795,YES,YES,YES,YES,Glioblastoma Multiforme
TCGA.02.0034.01,TCGA.02.0034.01,MALE,Glioma,Untreated,Primary,NA,NO,NO,80,DECEASED,14.1369863,Recurred,12.69041096,YES,YES,YES,YES,Glioblastoma Multiforme
TCGA.02.0037.01,TCGA.02.0037.01,FEMALE,Glioma,Untreated,Primary,NA,NO,NO,80,DECEASED,3.583561644,Recurred,1.216438356,YES,YES,YES,YES,Glioblastoma Multiforme
TCGA.02.0038.01,TCGA.02.0038.01,FEMALE,Glioma,Untreated,Primary,NA,NO,NO,80,DECEASED,10.71780822,Recurred,7.824657534,YES,YES,YES,YES,Glioblastoma Multiforme
TCGA.02.0039.01,TCGA.02.0039.01,MALE,Glioma,Untreated,Primary,NA,NO,NO,60,DECEASED,10.52054795,Recurred,3.353424658,NO,YES,NO,NO,Glioblastoma Multiforme
TCGA.02.0043.01,TCGA.02.0043.01,FEMALE,Glioma,Treated,Primary,NA,YES,NO,80,DECEASED,18.27945205,Recurred,9.271232877,YES,YES,YES,YES,Glioblastoma Multiforme
TCGA.02.0046.01,TCGA.02.0046.01,MALE,Glioma,Untreated,Primary,NA,NO,NO,60,DECEASED,6.838356164,Recurred,6.378082192,YES,YES,YES,YES,Glioblastoma Multiforme
TCGA.02.0047.01,TCGA.02.0047.01,MALE,Glioma,Untreated,Primary,NA,NO,NO,80,DECEASED,14.69589041,Recurred,1.873972603,YES,YES,YES,YES,Glioblastoma Multiforme
TCGA.02.0048.01,TCGA.02.0048.01,MALE,Glioma,Untreated,Primary,NA,NO,NO,NA,DECEASED,3.189041096,Recurred,0.756164384,NO,YES,YES,NO,Glioblastoma Multiforme
TCGA.02.0051.01,TCGA.02.0051.01,MALE,Glioma,Untreated,Primary,NA,NO,NO,100,DECEASED,15.05753425,Recurred,2.893150685,NO,YES,NO,NO,Glioblastoma Multiforme
TCGA.02.0052.01,TCGA.02.0052.01,MALE,Glioma,Untreated,Primary,NA,NO,NO,80,DECEASED,12.59178082,Recurred,6.706849315,YES,YES,YES,YES,Glioblastoma Multiforme
TCGA.02.0054.01,TCGA.02.0054.01,FEMALE,Glioma,Untreated,Primary,NA,NO,NO,80,DECEASED,6.542465753,Recurred,2.367123288,YES,YES,YES,YES,Glioblastoma Multiforme
TCGA.02.0055.01,TCGA.02.0055.01,FEMALE,Glioma,Untreated,Primary,NA,NO,NO,80,DECEASED,2.498630137,Recurred,0.197260274,YES,YES,YES,YES,Glioblastoma Multiforme
TCGA.02.0057.01,TCGA.02.0057.01,FEMALE,Glioma,Treated,Primary,NA,YES,NO,80,DECEASED,19.85753425,Recurred,15.55068493,YES,YES,YES,YES,Glioblastoma Multiforme
TCGA.02.0058.01,TCGA.02.0058.01,FEMALE,Glioma,Treated,Primary,NA,NO,YES,80,DECEASED,8.350684931,Recurred,5.621917808,YES,YES,YES,YES,Glioblastoma Multiforme
TCGA.02.0059.01,TCGA.02.0059.01,FEMALE,Glioma,Untreated,Primary,NA,NO,NO,80,DECEASED,9.567123288,Recurred,0.690410959,NO,YES,NO,NO,Glioblastoma Multiforme
TCGA.02.0060.01,TCGA.02.0060.01,FEMALE,Glioma,Untreated,Primary,NA,NO,NO,80,DECEASED,6.016438356,Recurred,6.016438356,YES,YES,YES,YES,Glioblastoma Multiforme
TCGA.02.0064.01,TCGA.02.0064.01,MALE,Glioma,Untreated,Primary,NA,NO,NO,100,DECEASED,19.7260274,Recurred,16.30684932,YES,YES,YES,YES,Glioblastoma Multiforme
TCGA.02.0068.01,TCGA.02.0068.01,MALE,Glioma,Untreated,Primary,NA,NO,NO,80,DECEASED,26.43287671,Recurred,5.753424658,YES,YES,YES,YES,Glioblastoma Multiforme
TCGA.02.0069.01,TCGA.02.0069.01,FEMALE,Glioma,Untreated,Primary,NA,NO,NO,80,LIVING,28.70136986,Recurred,28.70136986,YES,YES,YES,YES,Glioblastoma Multiforme
TCGA.02.0070.01,TCGA.02.0070.01,MALE,Glioma,Untreated,Primary,NA,NO,NO,80,LIVING,25.05205479,Recurred,25.05205479,YES,YES,YES,YES,Glioblastoma Multiforme
TCGA.02.0071.01,TCGA.02.0071.01,MALE,Glioma,Untreated,Primary,NA,NO,NO,80,DECEASED,5.490410959,Recurred,0.263013699,YES,YES,YES,YES,Glioblastoma Multiforme
TCGA.02.0074.01,TCGA.02.0074.01,FEMALE,Glioma,Untreated,Primary,NA,NO,NO,80,DECEASED,10.19178082,Recurred,5.063013699,YES,YES,YES,YES,Glioblastoma Multiforme
TCGA.02.0075.01,TCGA.02.0075.01,MALE,Glioma,Untreated,Primary,NA,NO,NO,80,DECEASED,20.84383562,Recurred,11.04657534,YES,YES,YES,YES,Glioblastoma Multiforme
TCGA.02.0079.01,TCGA.02.0079.01,MALE,Glioma,Untreated,Primary,NA,NO,NO,80,DECEASED,27.22191781,Recurred,26.20273973,YES,YES,YES,YES,Glioblastoma Multiforme
TCGA.02.0080.01,TCGA.02.0080.01,MALE,Glioma,Untreated,Primary,NA,YES,NO,80,DECEASED,89.72054795,Recurred,76.89863014,YES,YES,YES,YES,Glioblastoma Multiforme
TCGA.02.0083.01,TCGA.02.0083.01,FEMALE,Glioma,Treated,Primary,NA,YES,NO,80,DECEASED,22.71780822,Recurred,15.1890411,YES,YES,YES,YES,Glioblastoma Multiforme
TCGA.02.0084.01,TCGA.02.0084.01,FEMALE,Glioma,Untreated,Primary,NA,NO,NO,80,DECEASED,12.62465753,NA,NA,YES,YES,YES,YES,Glioblastoma Multiforme
TCGA.02.0085.01,TCGA.02.0085.01,FEMALE,Glioma,Untreated,Primary,NA,NO,NO,80,DECEASED,51.28767123,Recurred,32.08767123,YES,YES,YES,YES,Glioblastoma Multiforme
TCGA.02.0086.01,TCGA.02.0086.01,FEMALE,Glioma,Untreated,Primary,NA,NO,NO,100,DECEASED,8.810958904,Recurred,3.189041096,YES,YES,YES,YES,Glioblastoma Multiforme
TCGA.02.0087.01,TCGA.02.0087.01,FEMALE,Glioma,Untreated,Primary,NA,NO,NO,80,LIVING,57.76438356,Recurred,57.76438356,YES,YES,NO,NO,Glioblastoma Multiforme
TCGA.02.0089.01,TCGA.02.0089.01,MALE,Glioma,Treated,Primary,NA,YES,NO,100,DECEASED,16.93150685,Recurred,11.76986301,YES,YES,YES,YES,Glioblastoma Multiforme
TCGA.02.0099.01,TCGA.02.0099.01,MALE,Glioma,Untreated,Primary,NA,YES,NO,80,DECEASED,3.484931507,NA,NA,YES,YES,YES,YES,Glioblastoma Multiforme
TCGA.02.0102.01,TCGA.02.0102.01,MALE,Glioma,Treated,Primary,NA,YES,NO,100,DECEASED,26.99178082,Recurred,14.79452055,YES,YES,YES,YES,Glioblastoma Multiforme
TCGA.02.0104.01,TCGA.02.0104.01,FEMALE,Glioma,Untreated,Primary,NA,NO,NO,80,DECEASED,64.99726027,Recurred,47.90136986,NO,YES,YES,NO,Glioblastoma Multiforme
TCGA.02.0106.01,TCGA.02.0106.01,MALE,Glioma,Untreated,Primary,NA,NO,NO,80,DECEASED,11.67123288,Recurred,6.410958904,YES,YES,NO,NO,Glioblastoma Multiforme
TCGA.02.0107.01,TCGA.02.0107.01,MALE,Glioma,Treated,Primary,NA,YES,NO,80,DECEASED,17.65479452,Recurred,4.8,YES,YES,YES,YES,Glioblastoma Multiforme
TCGA.02.0111.01,TCGA.02.0111.01,MALE,Glioma,Untreated,Primary,NA,NO,NO,80,DECEASED,23.14520548,Recurred,2.432876712,YES,YES,NO,NO,Glioblastoma Multiforme
TCGA.02.0113.01,TCGA.02.0113.01,FEMALE,Glioma,Treated,Primary,NA,YES,NO,100,LIVING,92.61369863,Recurred,51.25479452,YES,YES,YES,YES,Glioblastoma Multiforme
TCGA.02.0114.01,TCGA.02.0114.01,FEMALE,Glioma,Treated,Primary,NA,YES,NO,80,DECEASED,99.94520548,Recurred,75.48493151,YES,YES,YES,YES,Glioblastoma Multiforme
TCGA.02.0115.01,TCGA.02.0115.01,MALE,Glioma,Treated,Primary,NA,NO,NO,80,DECEASED,15.64931507,Recurred,2.991780822,YES,YES,YES,YES,Glioblastoma Multiforme
TCGA.02.0116.01,TCGA.02.0116.01,MALE,Glioma,Treated,Primary,NA,YES,NO,80,DECEASED,48.95342466,Recurred,40.47123288,YES,YES,YES,YES,Glioblastoma Multiforme
TCGA.02.0258.01,TCGA.02.0258.01,FEMALE,Glioma,Untreated,Primary,NA,NO,NO,NA,DECEASED,16.5369863,Recurred,16.5369863,YES,YES,NO,NO,Glioblastoma Multiforme
TCGA.02.0260.01,TCGA.02.0260.01,MALE,Glioma,Untreated,Primary,NA,NO,NO,NA,DECEASED,16.89863014,NA,NA,YES,YES,NO,NO,Glioblastoma Multiforme
TCGA.02.0266.01,TCGA.02.0266.01,MALE,Glioma,Untreated,Primary,NA,NO,NO,NA,DECEASED,17.68767123,Recurred,9.632876712,YES,YES,NO,NO,Glioblastoma Multiforme
TCGA.02.0269.01,TCGA.02.0269.01,MALE,Glioma,Untreated,Primary,NA,NO,NO,NA,DECEASED,10.75068493,Recurred,3.254794521,YES,YES,NO,NO,Glioblastoma Multiforme
TCGA.02.0271.01,TCGA.02.0271.01,MALE,Glioma,Untreated,Primary,NA,NO,NO,NA,DECEASED,14.46575342,NA,NA,YES,YES,NO,NO,Glioblastoma Multiforme
TCGA.02.0281.01,TCGA.02.0281.01,FEMALE,Glioma,Untreated,Primary,NA,NO,NO,NA,DECEASED,3.978082192,NA,NA,YES,YES,NO,NO,Glioblastoma Multiforme
TCGA.02.0285.01,TCGA.02.0285.01,FEMALE,Glioma,Untreated,Primary,NA,NO,NO,NA,DECEASED,13.8739726,NA,NA,NO,YES,NO,NO,Glioblastoma Multiforme
TCGA.02.0289.01,TCGA.02.0289.01,MALE,Glioma,Untreated,Primary,NA,NO,NO,80,DECEASED,14.20273973,Recurred,8.021917808,NO,YES,NO,NO,Glioblastoma Multiforme
TCGA.02.0290.01,TCGA.02.0290.01,MALE,Glioma,Untreated,Primary,NA,NO,NO,80,DECEASED,15.94520548,Recurred,12.29589041,NO,YES,NO,NO,Glioblastoma Multiforme
TCGA.02.0317.01,TCGA.02.0317.01,MALE,Glioma,Untreated,Primary,NA,NO,NO,80,DECEASED,12.23013699,Recurred,7.824657534,NO,YES,NO,NO,Glioblastoma Multiforme
TCGA.02.0321.01,TCGA.02.0321.01,MALE,Glioma,Untreated,Primary,NA,NO,NO,80,DECEASED,9.863013699,Recurred,2.4,YES,YES,NO,NO,Glioblastoma Multiforme
TCGA.02.0324.01,TCGA.02.0324.01,FEMALE,Glioma,Untreated,Primary,NA,NO,NO,80,DECEASED,7.693150685,Recurred,5.35890411,YES,YES,NO,NO,Glioblastoma Multiforme
TCGA.02.0325.01,TCGA.02.0325.01,MALE,Glioma,Untreated,Primary,NA,NO,NO,80,DECEASED,10.61917808,Recurred,9.336986301,YES,YES,NO,NO,Glioblastoma Multiforme
TCGA.02.0326.01,TCGA.02.0326.01,FEMALE,Glioma,Untreated,Primary,NA,NO,NO,80,DECEASED,7.331506849,Recurred,0.164383562,YES,YES,NO,NO,Glioblastoma Multiforme
TCGA.02.0330.01,TCGA.02.0330.01,FEMALE,Glioma,Untreated,Primary,NA,NO,NO,80,DECEASED,15.91232877,Recurred,3.945205479,YES,YES,NO,NO,Glioblastoma Multiforme
TCGA.02.0332.01,TCGA.02.0332.01,FEMALE,Glioma,Untreated,Primary,NA,NO,NO,80,DECEASED,25.70958904,Recurred,14.4,YES,YES,NO,NO,Glioblastoma Multiforme
TCGA.02.0333.01,TCGA.02.0333.01,FEMALE,Glioma,Untreated,Primary,NA,NO,NO,NA,DECEASED,4.37260274,Recurred,0.131506849,YES,YES,NO,NO,Glioblastoma Multiforme
TCGA.02.0337.01,TCGA.02.0337.01,MALE,Glioma,Untreated,Primary,NA,NO,NO,80,DECEASED,25.11780822,Recurred,22.71780822,NO,YES,NO,NO,Glioblastoma Multiforme
TCGA.02.0338.01,TCGA.02.0338.01,MALE,Glioma,Untreated,Primary,NA,NO,NO,80,DECEASED,10.58630137,Recurred,5.490410959,NO,YES,NO,NO,Glioblastoma Multiforme
TCGA.02.0339.01,TCGA.02.0339.01,MALE,Glioma,Untreated,Primary,NA,NO,NO,80,DECEASED,12.39452055,Recurred,4.865753425,YES,YES,NO,NO,Glioblastoma Multiforme
TCGA.02.0422.01,TCGA.02.0422.01,MALE,Glioma,Untreated,Primary,NA,NO,NO,80,DECEASED,14.49863014,Recurred,4.109589041,YES,YES,NO,NO,Glioblastoma Multiforme
TCGA.02.0430.01,TCGA.02.0430.01,FEMALE,Glioma,Untreated,Primary,NA,NO,NO,100,DECEASED,10.55342466,NA,NA,YES,YES,NO,NO,Glioblastoma Multiforme
TCGA.02.0432.01,TCGA.02.0432.01,MALE,Glioma,Untreated,Primary,NA,NO,NO,80,DECEASED,47.11232877,Recurred,34.61917808,YES,YES,NO,NO,Glioblastoma Multiforme
TCGA.02.0439.01,TCGA.02.0439.01,FEMALE,Glioma,Untreated,Primary,NA,NO,NO,80,DECEASED,0.657534247,Recurred,0.42739726,NO,YES,NO,NO,Glioblastoma Multiforme
TCGA.02.0440.01,TCGA.02.0440.01,MALE,Glioma,Untreated,Primary,NA,NO,NO,80,DECEASED,11.34246575,Recurred,6.969863014,YES,YES,NO,NO,Glioblastoma Multiforme
TCGA.02.0446.01,TCGA.02.0446.01,MALE,Glioma,Untreated,Primary,NA,NO,NO,80,DECEASED,9.238356164,Recurred,0.493150685,YES,YES,NO,NO,Glioblastoma Multiforme
TCGA.02.0451.01,TCGA.02.0451.01,FEMALE,Glioma,Untreated,Primary,NA,NO,NO,80,DECEASED,16.17534247,Recurred,14.03835616,YES,YES,NO,NO,Glioblastoma Multiforme
TCGA.02.0456.01,TCGA.02.0456.01,FEMALE,Glioma,Untreated,Primary,NA,NO,NO,60,DECEASED,3.353424658,Recurred,0.394520548,YES,YES,NO,NO,Glioblastoma Multiforme
TCGA.02.2466.01,TCGA.02.2466.01,MALE,Glioma,Treated,Primary,NA,NO,NO,80,DECEASED,16.8,Recurred,4.208219178,YES,YES,NO,NO,Glioblastoma Multiforme
TCGA.02.2470.01,TCGA.02.2470.01,MALE,Glioma,Treated,Primary,NA,YES,NO,60,DECEASED,12.92054795,Recurred,5.983561644,YES,YES,NO,NO,Glioblastoma Multiforme
TCGA.02.2483.01,TCGA.02.2483.01,MALE,Glioma,Untreated,Primary,NA,NO,NO,80,LIVING,15.28767123,DiseaseFree,15.28767123,YES,YES,NO,NO,Glioblastoma Multiforme
TCGA.02.2485.01,TCGA.02.2485.01,MALE,Glioma,Untreated,Primary,NA,NO,NO,80,LIVING,15.41917808,Recurred,6.082191781,YES,YES,NO,NO,Glioblastoma Multiforme
TCGA.02.2486.01,TCGA.02.2486.01,MALE,Glioma,Untreated,Primary,NA,NO,NO,80,LIVING,16.17534247,DiseaseFree,16.17534247,YES,YES,NO,NO,Glioblastoma Multiforme
TCGA.06.0122.01,TCGA.06.0122.01,FEMALE,Glioma,Untreated,Primary,NA,NO,NO,NA,DECEASED,6.147945205,NA,NA,YES,YES,YES,YES,Glioblastoma Multiforme
TCGA.06.0124.01,TCGA.06.0124.01,MALE,Glioma,Untreated,Primary,NA,NO,NO,NA,DECEASED,20.35068493,NA,NA,YES,YES,YES,YES,Glioblastoma Multiforme
TCGA.06.0125.01,TCGA.06.0125.01,FEMALE,Glioma,Untreated,Primary,NA,NO,NO,60,DECEASED,47.60547945,Recurred,26.20273973,YES,YES,YES,YES,Glioblastoma Multiforme
TCGA.06.0126.01,TCGA.06.0126.01,MALE,Glioma,Untreated,Primary,NA,NO,NO,60,DECEASED,6.904109589,NA,NA,YES,YES,YES,YES,Glioblastoma Multiforme
TCGA.06.0127.01,TCGA.06.0127.01,MALE,Glioma,Untreated,Primary,NA,NO,NO,60,DECEASED,3.945205479,Recurred,2.95890411,YES,YES,YES,YES,Glioblastoma Multiforme
TCGA.06.0128.01,TCGA.06.0128.01,MALE,Glioma,Untreated,Primary,NA,NO,NO,80,DECEASED,22.71780822,Recurred,6.21369863,YES,YES,YES,YES,Glioblastoma Multiforme
TCGA.06.0129.01,TCGA.06.0129.01,MALE,Glioma,Untreated,Primary,NA,NO,NO,100,DECEASED,33.66575342,Recurred,4.832876712,YES,YES,YES,YES,Glioblastoma Multiforme
TCGA.06.0130.01,TCGA.06.0130.01,MALE,Glioma,Untreated,Primary,NA,NO,NO,80,DECEASED,12.95342466,Recurred,8.021917808,YES,YES,YES,YES,Glioblastoma Multiforme
TCGA.06.0132.01,TCGA.06.0132.01,MALE,Glioma,Untreated,Primary,NA,NO,NO,NA,DECEASED,25.34794521,Recurred,15.84657534,YES,YES,NO,NO,Glioblastoma Multiforme
TCGA.06.0133.01,TCGA.06.0133.01,MALE,Glioma,Untreated,Primary,NA,NO,NO,NA,DECEASED,14.30136986,Recurred,2.564383562,YES,YES,YES,YES,Glioblastoma Multiforme
TCGA.06.0137.01,TCGA.06.0137.01,FEMALE,Glioma,Untreated,Primary,NA,NO,NO,NA,DECEASED,26.69589041,Recurred,16.0109589,YES,YES,YES,YES,Glioblastoma Multiforme
TCGA.06.0138.01,TCGA.06.0138.01,MALE,Glioma,Untreated,Primary,NA,NO,NO,80,DECEASED,24.23013699,Recurred,12.95342466,YES,YES,YES,YES,Glioblastoma Multiforme
TCGA.06.0139.01,TCGA.06.0139.01,MALE,Glioma,Untreated,Primary,NA,NO,NO,60,DECEASED,11.90136986,Recurred,4.997260274,YES,YES,YES,YES,Glioblastoma Multiforme
TCGA.06.0141.01,TCGA.06.0141.01,MALE,Glioma,Untreated,Primary,NA,NO,NO,80,DECEASED,10.29041096,Recurred,4.767123288,YES,YES,YES,YES,Glioblastoma Multiforme
TCGA.06.0143.01,TCGA.06.0143.01,MALE,Glioma,Untreated,Primary,NA,NO,NO,60,DECEASED,11.7369863,Recurred,8.679452055,YES,YES,YES,YES,Glioblastoma Multiforme
TCGA.06.0145.01,TCGA.06.0145.01,FEMALE,Glioma,Untreated,Primary,NA,NO,NO,NA,DECEASED,2.334246575,NA,NA,YES,YES,YES,YES,Glioblastoma Multiforme
TCGA.06.0146.01,TCGA.06.0146.01,FEMALE,Glioma,Untreated,Primary,NA,NO,NO,NA,DECEASED,20.08767123,Recurred,17.42465753,YES,YES,NO,NO,Glioblastoma Multiforme
TCGA.06.0147.01,TCGA.06.0147.01,FEMALE,Glioma,Untreated,Primary,NA,NO,NO,NA,DECEASED,17.78630137,NA,NA,YES,YES,YES,YES,Glioblastoma Multiforme
TCGA.06.0148.01,TCGA.06.0148.01,MALE,Glioma,Untreated,Primary,NA,NO,NO,NA,DECEASED,10.09315068,Recurred,6.180821918,YES,YES,YES,YES,Glioblastoma Multiforme
TCGA.06.0149.01,TCGA.06.0149.01,FEMALE,Glioma,Untreated,Primary,NA,NO,NO,80,DECEASED,8.580821918,Recurred,6.673972603,YES,YES,NO,NO,Glioblastoma Multiforme
TCGA.06.0152.01,TCGA.06.0152.01,MALE,Glioma,Untreated,Primary,NA,NO,NO,NA,DECEASED,12.32876712,Recurred,9.830136986,YES,YES,YES,YES,Glioblastoma Multiforme
TCGA.06.0154.01,TCGA.06.0154.01,MALE,Glioma,Untreated,Primary,NA,NO,NO,100,DECEASED,13.90684932,Recurred,6.805479452,YES,YES,YES,YES,Glioblastoma Multiforme
TCGA.06.0155.01,TCGA.06.0155.01,MALE,Glioma,Untreated,Primary,NA,NO,NO,80,DECEASED,10.45479452,Recurred,8.416438356,YES,YES,NO,NO,Glioblastoma Multiforme
TCGA.06.0156.01,TCGA.06.0156.01,MALE,Glioma,Untreated,Primary,NA,NO,NO,NA,DECEASED,5.852054795,NA,NA,NO,YES,YES,NO,Glioblastoma Multiforme
TCGA.06.0157.01,TCGA.06.0157.01,FEMALE,Glioma,Untreated,Primary,NA,NO,NO,40,DECEASED,3.189041096,NA,NA,YES,YES,YES,YES,Glioblastoma Multiforme
TCGA.06.0158.01,TCGA.06.0158.01,MALE,Glioma,Untreated,Primary,NA,NO,NO,80,DECEASED,10.81643836,Recurred,2.95890411,YES,YES,YES,YES,Glioblastoma Multiforme
TCGA.06.0162.01,TCGA.06.0162.01,FEMALE,Glioma,Untreated,Primary,NA,NO,YES,60,DECEASED,3.419178082,NA,NA,YES,YES,NO,NO,Glioblastoma Multiforme
TCGA.06.0164.01,TCGA.06.0164.01,MALE,Glioma,Untreated,Primary,NA,NO,NO,100,DECEASED,56.87671233,Recurred,46.94794521,YES,YES,NO,NO,Glioblastoma Multiforme
TCGA.06.0166.01,TCGA.06.0166.01,MALE,Glioma,Untreated,Primary,NA,NO,NO,NA,DECEASED,5.852054795,Recurred,2.169863014,YES,YES,YES,YES,Glioblastoma Multiforme
TCGA.06.0168.01,TCGA.06.0168.01,FEMALE,Glioma,Untreated,Primary,NA,NO,NO,100,DECEASED,19.66027397,Recurred,15.15616438,YES,YES,YES,YES,Glioblastoma Multiforme
TCGA.06.0169.01,TCGA.06.0169.01,MALE,Glioma,Untreated,Primary,NA,NO,NO,80,DECEASED,3.287671233,Recurred,3.024657534,YES,YES,YES,YES,Glioblastoma Multiforme
TCGA.06.0171.01,TCGA.06.0171.01,MALE,Glioma,Untreated,Primary,NA,NO,NO,100,DECEASED,13.11780822,Recurred,3.846575342,YES,YES,YES,YES,Glioblastoma Multiforme
TCGA.06.0173.01,TCGA.06.0173.01,FEMALE,Glioma,Untreated,Primary,NA,NO,NO,NA,DECEASED,4.471232877,NA,NA,YES,YES,YES,YES,Glioblastoma Multiforme
TCGA.06.0174.01,TCGA.06.0174.01,MALE,Glioma,Untreated,Primary,NA,NO,NO,80,DECEASED,3.221917808,Recurred,1.545205479,YES,YES,YES,YES,Glioblastoma Multiforme
TCGA.06.0175.01,TCGA.06.0175.01,MALE,Glioma,Untreated,Primary,NA,NO,NO,100,DECEASED,4.043835616,Recurred,1.282191781,YES,YES,NO,NO,Glioblastoma Multiforme
TCGA.06.0176.01,TCGA.06.0176.01,MALE,Glioma,Untreated,Primary,NA,NO,NO,80,LIVING,51.32054795,Recurred,1.347945205,YES,YES,YES,YES,Glioblastoma Multiforme
TCGA.06.0177.01,TCGA.06.0177.01,MALE,Glioma,Untreated,Primary,NA,NO,NO,60,DECEASED,4.142465753,NA,NA,YES,YES,NO,NO,Glioblastoma Multiforme
TCGA.06.0178.01,TCGA.06.0178.01,MALE,Glioma,Untreated,Primary,NA,NO,NO,NA,LIVING,53.98356164,Recurred,6.312328767,YES,YES,YES,YES,Glioblastoma Multiforme
TCGA.06.0179.01,TCGA.06.0179.01,MALE,Glioma,Untreated,Primary,NA,NO,NO,60,DECEASED,20.25205479,Recurred,8.219178082,YES,YES,NO,NO,Glioblastoma Multiforme
TCGA.06.0182.01,TCGA.06.0182.01,MALE,Glioma,Untreated,Primary,NA,NO,NO,60,DECEASED,3.649315068,NA,NA,YES,YES,NO,NO,Glioblastoma Multiforme
TCGA.06.0184.01,TCGA.06.0184.01,MALE,Glioma,Untreated,Primary,NA,NO,NO,80,LIVING,40.37260274,DiseaseFree,40.37260274,YES,YES,YES,YES,Glioblastoma Multiforme
TCGA.06.0185.01,TCGA.06.0185.01,MALE,Glioma,Untreated,Primary,NA,NO,NO,100,LIVING,37.01917808,Recurred,23.37534247,YES,YES,YES,YES,Glioblastoma Multiforme
TCGA.06.0187.01,TCGA.06.0187.01,MALE,Glioma,Untreated,Primary,NA,NO,NO,60,DECEASED,27.22191781,Recurred,17.45753425,YES,YES,YES,YES,Glioblastoma Multiforme
TCGA.06.0188.01,TCGA.06.0188.01,MALE,Glioma,Untreated,Primary,NA,NO,NO,100,LIVING,28.47123288,DiseaseFree,28.47123288,YES,YES,YES,YES,Glioblastoma Multiforme
TCGA.06.0189.01,TCGA.06.0189.01,MALE,Glioma,Untreated,Primary,NA,NO,NO,NA,DECEASED,15.41917808,NA,NA,YES,YES,YES,YES,Glioblastoma Multiforme
TCGA.06.0190.01,TCGA.06.0190.01,MALE,Glioma,Untreated,Primary,NA,NO,NO,80,DECEASED,10.42191781,Recurred,2.893150685,YES,YES,YES,YES,Glioblastoma Multiforme
TCGA.06.0192.01,TCGA.06.0192.01,MALE,Glioma,Untreated,Primary,NA,NO,NO,100,LIVING,18.27945205,DiseaseFree,18.27945205,YES,YES,NO,NO,Glioblastoma Multiforme
TCGA.06.0194.01,TCGA.06.0194.01,FEMALE,Glioma,Untreated,Primary,NA,NO,NO,NA,DECEASED,4.668493151,Recurred,4.109589041,YES,YES,NO,NO,Glioblastoma Multiforme
TCGA.06.0195.01,TCGA.06.0195.01,MALE,Glioma,Untreated,Primary,NA,NO,NO,100,DECEASED,7.397260274,Recurred,4.832876712,YES,YES,YES,YES,Glioblastoma Multiforme
TCGA.06.0197.01,TCGA.06.0197.01,FEMALE,Glioma,Untreated,Primary,NA,NO,NO,NA,DECEASED,5.523287671,Recurred,1.545205479,YES,YES,YES,YES,Glioblastoma Multiforme
TCGA.06.0201.01,TCGA.06.0201.01,FEMALE,Glioma,Untreated,Primary,NA,NO,NO,NA,DECEASED,0.394520548,NA,NA,YES,YES,YES,YES,Glioblastoma Multiforme
TCGA.06.0206.01,TCGA.06.0206.01,MALE,Glioma,Untreated,Primary,NA,NO,NO,NA,DECEASED,7.62739726,Recurred,3.484931507,YES,YES,YES,YES,Glioblastoma Multiforme
TCGA.06.0208.01,TCGA.06.0208.01,FEMALE,Glioma,Untreated,Primary,NA,NO,NO,80,DECEASED,8.383561644,Recurred,4.865753425,YES,YES,YES,YES,Glioblastoma Multiforme
TCGA.06.0209.01,TCGA.06.0209.01,MALE,Glioma,Untreated,Primary,NA,NO,NO,NA,DECEASED,7.594520548,NA,NA,YES,NO,YES,NO,Glioblastoma Multiforme
TCGA.06.0210.01,TCGA.06.0210.01,FEMALE,Glioma,Untreated,Primary,NA,NO,NO,NA,DECEASED,7.397260274,Recurred,2.202739726,YES,YES,YES,YES,Glioblastoma Multiforme
TCGA.06.0211.01,TCGA.06.0211.01,MALE,Glioma,Untreated,Primary,NA,NO,NO,100,DECEASED,11.83561644,Recurred,1.742465753,YES,YES,YES,YES,Glioblastoma Multiforme
TCGA.06.0213.01,TCGA.06.0213.01,FEMALE,Glioma,Untreated,Primary,NA,NO,NO,NA,DECEASED,0.526027397,NA,NA,YES,YES,YES,YES,Glioblastoma Multiforme
TCGA.06.0214.01,TCGA.06.0214.01,MALE,Glioma,Untreated,Primary,NA,NO,NO,100,DECEASED,15.02465753,Recurred,1.578082192,YES,YES,YES,YES,Glioblastoma Multiforme
TCGA.06.0216.01,TCGA.06.0216.01,FEMALE,Glioma,Untreated,Primary,NA,NO,NO,80,DECEASED,24.16438356,Recurred,5.753424658,YES,YES,YES,YES,Glioblastoma Multiforme
TCGA.06.0219.01,TCGA.06.0219.01,MALE,Glioma,Untreated,Primary,NA,NO,NO,NA,DECEASED,0.690410959,NA,NA,YES,YES,YES,YES,Glioblastoma Multiforme
TCGA.06.0221.01,TCGA.06.0221.01,MALE,Glioma,Untreated,Primary,NA,NO,NO,100,DECEASED,19.82465753,Recurred,8.547945205,YES,YES,YES,YES,Glioblastoma Multiforme
TCGA.06.0237.01,TCGA.06.0237.01,FEMALE,Glioma,Untreated,Primary,NA,NO,NO,NA,DECEASED,13.64383562,NA,NA,YES,YES,YES,YES,Glioblastoma Multiforme
TCGA.06.0238.01,TCGA.06.0238.01,MALE,Glioma,Untreated,Primary,NA,NO,NO,80,DECEASED,13.28219178,Recurred,10.22465753,YES,YES,YES,YES,Glioblastoma Multiforme
TCGA.06.0241.01,TCGA.06.0241.01,FEMALE,Glioma,Untreated,Primary,NA,NO,NO,100,LIVING,14.95890411,Recurred,6.443835616,YES,YES,YES,YES,Glioblastoma Multiforme
TCGA.06.0394.01,TCGA.06.0394.01,MALE,Glioma,Untreated,Primary,NA,NO,NO,NA,DECEASED,10.81643836,Recurred,2.860273973,YES,YES,NO,NO,Glioblastoma Multiforme
TCGA.06.0397.01,TCGA.06.0397.01,FEMALE,Glioma,Untreated,Primary,NA,NO,NO,NA,DECEASED,3.978082192,NA,NA,YES,YES,NO,NO,Glioblastoma Multiforme
TCGA.06.0402.01,TCGA.06.0402.01,MALE,Glioma,Untreated,Primary,NA,NO,NO,NA,DECEASED,0.263013699,NA,NA,YES,YES,NO,NO,Glioblastoma Multiforme
TCGA.06.0409.01,TCGA.06.0409.01,MALE,Glioma,Untreated,Primary,NA,NO,NO,NA,DECEASED,72.36164384,Recurred,10.98082192,YES,YES,NO,NO,Glioblastoma Multiforme
TCGA.06.0410.01,TCGA.06.0410.01,FEMALE,Glioma,Untreated,Primary,NA,NO,NO,NA,DECEASED,4.668493151,NA,NA,YES,YES,NO,NO,Glioblastoma Multiforme
TCGA.06.0412.01,TCGA.06.0412.01,FEMALE,Glioma,Untreated,Primary,NA,NO,NO,NA,DECEASED,9.567123288,Recurred,4.273972603,YES,YES,NO,NO,Glioblastoma Multiforme
TCGA.06.0413.01,TCGA.06.0413.01,FEMALE,Glioma,Untreated,Primary,NA,NO,NO,NA,DECEASED,3.156164384,NA,NA,YES,YES,NO,NO,Glioblastoma Multiforme
TCGA.06.0414.01,TCGA.06.0414.01,MALE,Glioma,Untreated,Primary,NA,NO,NO,NA,DECEASED,35.11232877,Recurred,33.30410959,YES,YES,NO,NO,Glioblastoma Multiforme
TCGA.06.0644.01,TCGA.06.0644.01,MALE,Glioma,Untreated,Primary,NA,NO,NO,80,LIVING,12.32876712,Recurred,2.794520548,YES,YES,YES,YES,Glioblastoma Multiforme
TCGA.06.0645.01,TCGA.06.0645.01,FEMALE,Glioma,Untreated,Primary,NA,NO,NO,NA,DECEASED,5.753424658,NA,NA,YES,YES,YES,YES,Glioblastoma Multiforme
TCGA.06.0646.01,TCGA.06.0646.01,MALE,Glioma,Untreated,Primary,NA,NO,NO,80,DECEASED,5.753424658,Recurred,2.95890411,YES,YES,YES,YES,Glioblastoma Multiforme
TCGA.06.0648.01,TCGA.06.0648.01,MALE,Glioma,Untreated,Primary,NA,NO,NO,80,DECEASED,9.764383562,Recurred,6.608219178,YES,YES,YES,YES,Glioblastoma Multiforme
TCGA.06.0649.01,TCGA.06.0649.01,FEMALE,Glioma,Untreated,Primary,NA,NO,NO,NA,DECEASED,2.104109589,NA,NA,YES,YES,NO,NO,Glioblastoma Multiforme
TCGA.06.0650.01,TCGA.06.0650.01,FEMALE,Glioma,Untreated,Primary,NA,NO,NO,NA,NA,NA,NA,NA,YES,NO,NO,NO,Glioblastoma Multiforme
TCGA.06.0686.01,TCGA.06.0686.01,MALE,Glioma,Untreated,Primary,NA,NO,NO,NA,LIVING,9.369863014,Recurred,5.22739726,YES,YES,NO,NO,Glioblastoma Multiforme
TCGA.06.0743.01,TCGA.06.0743.01,MALE,Glioma,Untreated,Primary,NA,NO,NO,100,LIVING,22.29041096,Recurred,5.753424658,YES,YES,NO,NO,Glioblastoma Multiforme
TCGA.06.0744.01,TCGA.06.0744.01,MALE,Glioma,Untreated,Primary,NA,NO,YES,80,LIVING,19.52876712,DiseaseFree,19.52876712,YES,YES,NO,NO,Glioblastoma Multiforme
TCGA.06.0745.01,TCGA.06.0745.01,MALE,Glioma,Untreated,Primary,NA,NO,NO,80,DECEASED,7.824657534,Recurred,2.991780822,YES,YES,NO,NO,Glioblastoma Multiforme
TCGA.06.0747.01,TCGA.06.0747.01,FEMALE,Glioma,Untreated,Primary,NA,NO,NO,80,DECEASED,2.695890411,NA,NA,YES,YES,NO,NO,Glioblastoma Multiforme
TCGA.06.0749.01,TCGA.06.0749.01,MALE,Glioma,Untreated,Primary,NA,NO,NO,NA,DECEASED,2.663013699,NA,NA,YES,YES,NO,NO,Glioblastoma Multiforme
TCGA.06.0750.01,TCGA.06.0750.01,MALE,Glioma,Untreated,Primary,NA,NO,NO,80,DECEASED,0.920547945,NA,NA,YES,YES,NO,NO,Glioblastoma Multiforme
TCGA.06.0875.01,TCGA.06.0875.01,FEMALE,Glioma,Untreated,Primary,NA,NO,NO,80,LIVING,9.17260274,Recurred,9.17260274,YES,YES,NO,NO,Glioblastoma Multiforme
TCGA.06.0876.01,TCGA.06.0876.01,FEMALE,Glioma,Untreated,Primary,NA,NO,NO,80,LIVING,8.909589041,DiseaseFree,8.909589041,YES,YES,NO,NO,Glioblastoma Multiforme
TCGA.06.0877.01,TCGA.06.0877.01,MALE,Glioma,Untreated,Primary,NA,NO,NO,NA,LIVING,6.706849315,DiseaseFree,6.706849315,YES,YES,NO,NO,Glioblastoma Multiforme
TCGA.06.0878.01,TCGA.06.0878.01,MALE,Glioma,Untreated,Primary,NA,NO,NO,80,LIVING,7.167123288,Recurred,2.169863014,YES,YES,NO,NO,Glioblastoma Multiforme
TCGA.06.0879.01,TCGA.06.0879.01,MALE,Glioma,Untreated,Primary,NA,NO,NO,80,LIVING,22.98082192,Recurred,22.98082192,YES,YES,NO,NO,Glioblastoma Multiforme
TCGA.06.0881.01,TCGA.06.0881.01,MALE,Glioma,Untreated,Primary,NA,NO,NO,80,LIVING,5.852054795,Recurred,4.635616438,YES,YES,NO,NO,Glioblastoma Multiforme
TCGA.06.0882.01,TCGA.06.0882.01,MALE,Glioma,Untreated,Primary,NA,NO,NO,60,LIVING,5.424657534,DiseaseFree,5.424657534,YES,YES,NO,NO,Glioblastoma Multiforme
TCGA.06.0939.01,TCGA.06.0939.01,FEMALE,Glioma,Untreated,Primary,NA,NO,NO,80,NA,NA,NA,NA,YES,YES,NO,NO,Glioblastoma Multiforme
TCGA.06.1084.01,TCGA.06.1084.01,MALE,Glioma,Untreated,Primary,NA,NO,NO,80,LIVING,7.430136986,Recurred,6.838356164,YES,YES,NO,NO,Glioblastoma Multiforme
TCGA.06.1086.01,TCGA.06.1086.01,MALE,Glioma,Untreated,Primary,NA,NO,NO,80,DECEASED,6.838356164,NA,NA,YES,YES,NO,NO,Glioblastoma Multiforme
TCGA.06.1087.01,TCGA.06.1087.01,MALE,Glioma,Untreated,Primary,NA,NO,NO,60,DECEASED,4.043835616,Recurred,3.583561644,YES,YES,NO,NO,Glioblastoma Multiforme
TCGA.06.1800.01,TCGA.06.1800.01,MALE,Glioma,Untreated,Primary,NA,NO,NO,60,DECEASED,26.79452055,Recurred,24.65753425,YES,YES,NO,NO,Glioblastoma Multiforme
TCGA.06.1801.01,TCGA.06.1801.01,FEMALE,Glioma,Untreated,Primary,NA,NO,NO,80,LIVING,8.646575342,Recurred,7.62739726,YES,YES,NO,NO,Glioblastoma Multiforme
TCGA.06.1802.01,TCGA.06.1802.01,MALE,Glioma,Untreated,Primary,NA,NO,NO,80,LIVING,7.857534247,Recurred,2.663013699,NO,YES,NO,NO,Glioblastoma Multiforme
TCGA.06.1804.01,TCGA.06.1804.01,FEMALE,Glioma,Untreated,Primary,NA,NO,NO,NA,NA,NA,NA,NA,YES,NO,NO,NO,Glioblastoma Multiforme
TCGA.06.1805.01,TCGA.06.1805.01,FEMALE,Glioma,Untreated,Primary,NA,NO,NO,80,LIVING,4.175342466,DiseaseFree,4.175342466,YES,YES,NO,NO,Glioblastoma Multiforme
TCGA.06.2557.01,TCGA.06.2557.01,MALE,Glioma,Untreated,Primary,NA,NO,NO,40,DECEASED,1.084931507,NA,NA,YES,YES,NO,NO,Glioblastoma Multiforme
TCGA.06.2558.01,TCGA.06.2558.01,FEMALE,Glioma,Untreated,Primary,NA,NO,NO,60,DECEASED,12.49315068,NA,NA,YES,YES,NO,NO,Glioblastoma Multiforme
TCGA.06.2559.01,TCGA.06.2559.01,MALE,Glioma,Untreated,Primary,NA,NO,NO,60,DECEASED,4.898630137,NA,NA,YES,YES,NO,NO,Glioblastoma Multiforme
TCGA.06.2561.01,TCGA.06.2561.01,FEMALE,Glioma,Untreated,Primary,NA,NO,NO,80,LIVING,9.271232877,Recurred,2.564383562,YES,YES,NO,NO,Glioblastoma Multiforme
TCGA.06.2562.01,TCGA.06.2562.01,MALE,Glioma,Untreated,Primary,NA,NO,NO,80,LIVING,2.82739726,Recurred,5.030136986,YES,YES,NO,NO,Glioblastoma Multiforme
TCGA.06.2563.01,TCGA.06.2563.01,FEMALE,Glioma,Untreated,Primary,NA,NO,NO,80,LIVING,NA,DiseaseFree,NA,YES,YES,NO,NO,Glioblastoma Multiforme
TCGA.06.2564.01,TCGA.06.2564.01,MALE,Glioma,Untreated,Primary,NA,NO,NO,100,LIVING,5.950684932,DiseaseFree,5.950684932,YES,YES,NO,NO,Glioblastoma Multiforme
TCGA.06.2565.01,TCGA.06.2565.01,MALE,Glioma,Untreated,Primary,NA,NO,NO,100,LIVING,6.805479452,Recurred,5.852054795,YES,YES,NO,NO,Glioblastoma Multiforme
TCGA.06.2566.01,TCGA.06.2566.01,FEMALE,Glioma,Untreated,Primary,NA,NO,NO,80,DECEASED,5.983561644,NA,NA,YES,YES,NO,NO,Glioblastoma Multiforme
TCGA.06.2567.01,TCGA.06.2567.01,MALE,Glioma,Untreated,Primary,NA,NO,NO,80,DECEASED,4.37260274,NA,NA,YES,YES,NO,NO,Glioblastoma Multiforme
TCGA.06.2569.01,TCGA.06.2569.01,FEMALE,Glioma,Untreated,Primary,NA,NO,NO,80,LIVING,0.42739726,DiseaseFree,0.42739726,YES,YES,NO,NO,Glioblastoma Multiforme
TCGA.06.2570.01,TCGA.06.2570.01,FEMALE,Glioma,Untreated,Primary,NA,NO,NO,100,LIVING,9.369863014,DiseaseFree,9.369863014,YES,YES,NO,NO,Glioblastoma Multiforme
TCGA.06.5408.01,TCGA.06.5408.01,FEMALE,Glioma,Untreated,Primary,NA,NO,NO,80,NA,NA,NA,NA,YES,NO,NO,NO,Glioblastoma Multiforme
TCGA.06.5410.01,TCGA.06.5410.01,FEMALE,Glioma,Untreated,Primary,NA,NO,NO,60,NA,NA,NA,NA,YES,NO,NO,NO,Glioblastoma Multiforme
TCGA.06.5411.01,TCGA.06.5411.01,MALE,Glioma,Untreated,Primary,NA,NO,NO,80,NA,NA,NA,NA,YES,NO,NO,NO,Glioblastoma Multiforme
TCGA.06.5412.01,TCGA.06.5412.01,FEMALE,Glioma,Untreated,Primary,NA,NO,NO,80,NA,NA,NA,NA,YES,NO,NO,NO,Glioblastoma Multiforme
TCGA.06.5413.01,TCGA.06.5413.01,MALE,Glioma,Untreated,Primary,NA,NO,NO,60,NA,NA,NA,NA,YES,NO,NO,NO,Glioblastoma Multiforme
TCGA.06.5414.01,TCGA.06.5414.01,MALE,Glioma,Untreated,Primary,NA,NO,NO,80,NA,NA,NA,NA,YES,YES,NO,NO,Glioblastoma Multiforme
TCGA.06.5415.01,TCGA.06.5415.01,MALE,Glioma,Untreated,Primary,NA,NO,NO,100,NA,NA,NA,NA,YES,YES,NO,NO,Glioblastoma Multiforme
TCGA.06.5416.01,TCGA.06.5416.01,FEMALE,Glioma,Untreated,Primary,NA,NO,NO,80,NA,NA,NA,NA,YES,YES,NO,NO,Glioblastoma Multiforme
TCGA.06.5417.01,TCGA.06.5417.01,FEMALE,Glioma,Untreated,Primary,NA,NO,NO,80,NA,NA,NA,NA,NO,YES,NO,NO,Glioblastoma Multiforme
TCGA.06.5418.01,TCGA.06.5418.01,FEMALE,Glioma,Untreated,Primary,NA,NO,NO,60,NA,NA,NA,NA,YES,YES,NO,NO,Glioblastoma Multiforme
TCGA.06.5856.01,TCGA.06.5856.01,MALE,Glioma,Untreated,Primary,NA,NO,NO,NA,NA,NA,NA,NA,YES,NO,NO,NO,Glioblastoma Multiforme
TCGA.06.5858.01,TCGA.06.5858.01,FEMALE,Glioma,Untreated,Primary,NA,NO,NO,100,NA,NA,NA,NA,YES,NO,NO,NO,Glioblastoma Multiforme
TCGA.06.5859.01,TCGA.06.5859.01,MALE,Glioma,Untreated,Primary,NA,NO,NO,40,NA,NA,NA,NA,YES,NO,NO,NO,Glioblastoma Multiforme
TCGA.06.6388.01,TCGA.06.6388.01,FEMALE,Glioma,Untreated,Primary,NA,NO,NO,80,NA,NA,NA,NA,NO,NO,NO,NO,Glioblastoma Multiforme
TCGA.06.6389.01,TCGA.06.6389.01,FEMALE,Glioma,Untreated,Primary,NA,NO,NO,100,NA,NA,NA,NA,YES,NO,NO,NO,Glioblastoma Multiforme
TCGA.06.6390.01,TCGA.06.6390.01,MALE,Glioma,Untreated,Primary,NA,NO,NO,80,NA,NA,NA,NA,YES,NO,NO,NO,Glioblastoma Multiforme
TCGA.06.6391.01,TCGA.06.6391.01,FEMALE,Glioma,Untreated,Primary,NA,NO,NO,NA,NA,NA,NA,NA,YES,NO,NO,NO,Glioblastoma Multiforme
TCGA.06.6693.01,TCGA.06.6693.01,FEMALE,Glioma,Untreated,Primary,NA,NO,NO,NA,NA,NA,NA,NA,NO,NO,NO,NO,Glioblastoma Multiforme
TCGA.06.6694.01,TCGA.06.6694.01,FEMALE,Glioma,Untreated,Primary,NA,NO,NO,NA,NA,NA,NA,NA,NO,NO,NO,NO,Glioblastoma Multiforme
TCGA.06.6695.01,TCGA.06.6695.01,MALE,Glioma,Untreated,Primary,NA,NO,NO,40,NA,NA,NA,NA,NO,NO,NO,NO,Glioblastoma Multiforme
TCGA.06.6697.01,TCGA.06.6697.01,MALE,Glioma,Untreated,Primary,NA,NO,NO,80,NA,NA,NA,NA,NO,NO,NO,NO,Glioblastoma Multiforme
TCGA.06.6698.01,TCGA.06.6698.01,FEMALE,Glioma,Untreated,Primary,NA,NO,NO,NA,NA,NA,NA,NA,NO,NO,NO,NO,Glioblastoma Multiforme
TCGA.06.6699.01,TCGA.06.6699.01,FEMALE,Glioma,Untreated,Primary,NA,NO,NO,NA,NA,NA,NA,NA,NO,NO,NO,NO,Glioblastoma Multiforme
TCGA.06.6700.01,TCGA.06.6700.01,MALE,Glioma,Untreated,Primary,NA,NO,NO,100,NA,NA,NA,NA,NO,NO,NO,NO,Glioblastoma Multiforme
TCGA.06.6701.01,TCGA.06.6701.01,MALE,Glioma,Untreated,Primary,NA,NO,NO,NA,NA,NA,NA,NA,NO,NO,NO,NO,Glioblastoma Multiforme
TCGA.08.0244.01,TCGA.08.0244.01,MALE,Glioma,Untreated,Primary,NA,NO,NO,80,DECEASED,22.68493151,Recurred,15.87945205,NO,YES,YES,NO,Glioblastoma Multiforme
TCGA.08.0245.01,TCGA.08.0245.01,FEMALE,Glioma,Untreated,Primary,NA,NO,NO,80,DECEASED,37.84109589,Recurred,15.22191781,NO,YES,YES,NO,Glioblastoma Multiforme
TCGA.08.0246.01,TCGA.08.0246.01,FEMALE,Glioma,Untreated,Primary,NA,NO,NO,80,DECEASED,4.175342466,Recurred,3.024657534,NO,YES,YES,NO,Glioblastoma Multiforme
TCGA.08.0344.01,TCGA.08.0344.01,MALE,Glioma,Untreated,Primary,NA,NO,NO,80,DECEASED,115.8575342,Recurred,61.80821918,NO,YES,YES,NO,Glioblastoma Multiforme
TCGA.08.0345.01,TCGA.08.0345.01,FEMALE,Glioma,Untreated,Primary,NA,NO,NO,60,DECEASED,1.742465753,NA,NA,YES,YES,YES,YES,Glioblastoma Multiforme
TCGA.08.0346.01,TCGA.08.0346.01,MALE,Glioma,Untreated,Primary,NA,NO,NO,80,DECEASED,8.416438356,Recurred,2.465753425,YES,YES,NO,NO,Glioblastoma Multiforme
TCGA.08.0347.01,TCGA.08.0347.01,MALE,Glioma,Untreated,Primary,NA,NO,NO,100,DECEASED,25.70958904,Recurred,1.939726027,YES,YES,YES,YES,Glioblastoma Multiforme
TCGA.08.0348.01,TCGA.08.0348.01,MALE,Glioma,Untreated,Primary,NA,NO,NO,80,DECEASED,12.16438356,Recurred,6.476712329,NO,YES,YES,NO,Glioblastoma Multiforme
TCGA.08.0349.01,TCGA.08.0349.01,MALE,Glioma,Untreated,Primary,NA,NO,NO,NA,DECEASED,9.797260274,Recurred,3.024657534,YES,YES,YES,YES,Glioblastoma Multiforme
TCGA.08.0350.01,TCGA.08.0350.01,MALE,Glioma,Untreated,Primary,NA,NO,NO,80,DECEASED,29.19452055,Recurred,14.4,YES,YES,YES,YES,Glioblastoma Multiforme
TCGA.08.0351.01,TCGA.08.0351.01,MALE,Glioma,Untreated,Primary,NA,NO,YES,80,DECEASED,65.29315068,Recurred,50.69589041,YES,YES,YES,YES,Glioblastoma Multiforme
TCGA.08.0352.01,TCGA.08.0352.01,MALE,Glioma,Untreated,Primary,NA,NO,NO,NA,DECEASED,1.282191781,NA,NA,YES,YES,YES,YES,Glioblastoma Multiforme
TCGA.08.0353.01,TCGA.08.0353.01,MALE,Glioma,Untreated,Primary,NA,NO,NO,80,DECEASED,8.416438356,Recurred,5.391780822,NO,YES,YES,NO,Glioblastoma Multiforme
TCGA.08.0354.01,TCGA.08.0354.01,FEMALE,Glioma,Untreated,Primary,NA,NO,NO,60,DECEASED,17.95068493,Recurred,8.317808219,YES,YES,YES,YES,Glioblastoma Multiforme
TCGA.08.0355.01,TCGA.08.0355.01,FEMALE,Glioma,Untreated,Primary,NA,NO,NO,100,DECEASED,24.55890411,Recurred,17.0630137,YES,YES,YES,YES,Glioblastoma Multiforme
TCGA.08.0356.01,TCGA.08.0356.01,FEMALE,Glioma,Untreated,Primary,NA,NO,NO,80,DECEASED,31.10136986,Recurred,14.69589041,YES,YES,YES,YES,Glioblastoma Multiforme
TCGA.08.0357.01,TCGA.08.0357.01,MALE,Glioma,Untreated,Primary,NA,NO,NO,80,DECEASED,37.57808219,Recurred,5.095890411,YES,YES,YES,YES,Glioblastoma Multiforme
TCGA.08.0358.01,TCGA.08.0358.01,MALE,Glioma,Untreated,Primary,NA,NO,NO,80,DECEASED,22.29041096,Recurred,8.646575342,YES,YES,YES,YES,Glioblastoma Multiforme
TCGA.08.0359.01,TCGA.08.0359.01,FEMALE,Glioma,Untreated,Primary,NA,NO,NO,NA,DECEASED,3.353424658,NA,NA,NO,YES,YES,NO,Glioblastoma Multiforme
TCGA.08.0360.01,TCGA.08.0360.01,MALE,Glioma,Untreated,Primary,NA,NO,NO,80,DECEASED,15.38630137,Recurred,3.682191781,NO,YES,YES,NO,Glioblastoma Multiforme
TCGA.08.0373.01,TCGA.08.0373.01,MALE,Glioma,Untreated,Primary,NA,NO,NO,NA,DECEASED,4.405479452,NA,NA,NO,YES,YES,NO,Glioblastoma Multiforme
TCGA.08.0375.01,TCGA.08.0375.01,FEMALE,Glioma,Untreated,Primary,NA,NO,YES,100,DECEASED,12.23013699,Recurred,5.293150685,NO,YES,YES,NO,Glioblastoma Multiforme
TCGA.08.0380.01,TCGA.08.0380.01,FEMALE,Glioma,Untreated,Primary,NA,NO,NO,80,DECEASED,14.9260274,Recurred,4.964383562,NO,YES,YES,NO,Glioblastoma Multiforme
TCGA.08.0385.01,TCGA.08.0385.01,MALE,Glioma,Untreated,Primary,NA,NO,NO,60,DECEASED,2.695890411,NA,NA,NO,YES,YES,NO,Glioblastoma Multiforme
TCGA.08.0386.01,TCGA.08.0386.01,MALE,Glioma,Untreated,Primary,NA,NO,NO,80,DECEASED,18.01643836,Recurred,14.03835616,YES,YES,YES,YES,Glioblastoma Multiforme
TCGA.08.0389.01,TCGA.08.0389.01,MALE,Glioma,Untreated,Primary,NA,NO,NO,80,DECEASED,15.35342466,NA,NA,YES,YES,YES,YES,Glioblastoma Multiforme
TCGA.08.0390.01,TCGA.08.0390.01,MALE,Glioma,Untreated,Primary,NA,NO,NO,60,DECEASED,13.97260274,NA,NA,YES,YES,YES,YES,Glioblastoma Multiforme
TCGA.08.0392.01,TCGA.08.0392.01,MALE,Glioma,Untreated,Primary,NA,NO,NO,NA,DECEASED,0.723287671,NA,NA,YES,YES,NO,NO,Glioblastoma Multiforme
TCGA.08.0509.01,TCGA.08.0509.01,MALE,Glioma,Untreated,Primary,NA,NO,NO,60,DECEASED,12.55890411,NA,NA,YES,YES,NO,NO,Glioblastoma Multiforme
TCGA.08.0510.01,TCGA.08.0510.01,MALE,Glioma,Untreated,Primary,NA,NO,NO,80,DECEASED,4.24109589,Recurred,2.926027397,YES,YES,NO,NO,Glioblastoma Multiforme
TCGA.08.0511.01,TCGA.08.0511.01,MALE,Glioma,Untreated,Primary,NA,NO,NO,80,DECEASED,7.726027397,NA,NA,NO,YES,NO,NO,Glioblastoma Multiforme
TCGA.08.0512.01,TCGA.08.0512.01,MALE,Glioma,Untreated,Primary,NA,NO,NO,100,DECEASED,42.14794521,Recurred,7.594520548,YES,YES,NO,NO,Glioblastoma Multiforme
TCGA.08.0514.01,TCGA.08.0514.01,FEMALE,Glioma,Untreated,Primary,NA,NO,NO,40,DECEASED,11.07945205,NA,NA,YES,YES,NO,NO,Glioblastoma Multiforme
TCGA.08.0516.01,TCGA.08.0516.01,MALE,Glioma,Untreated,Primary,NA,NO,NO,NA,DECEASED,19.59452055,Recurred,1.315068493,YES,YES,NO,NO,Glioblastoma Multiforme
TCGA.08.0517.01,TCGA.08.0517.01,FEMALE,Glioma,Untreated,Primary,NA,YES,NO,80,DECEASED,58.68493151,Recurred,33.66575342,YES,YES,NO,NO,Glioblastoma Multiforme
TCGA.08.0518.01,TCGA.08.0518.01,FEMALE,Glioma,Untreated,Primary,NA,NO,NO,80,DECEASED,19.33150685,Recurred,4.405479452,YES,YES,NO,NO,Glioblastoma Multiforme
TCGA.08.0520.01,TCGA.08.0520.01,MALE,Glioma,Untreated,Primary,NA,NO,NO,NA,DECEASED,10.71780822,Recurred,3.452054795,YES,YES,NO,NO,Glioblastoma Multiforme
TCGA.08.0521.01,TCGA.08.0521.01,MALE,Glioma,Untreated,Primary,NA,NO,NO,60,DECEASED,4.8,Recurred,4.109589041,YES,YES,NO,NO,Glioblastoma Multiforme
TCGA.08.0522.01,TCGA.08.0522.01,MALE,Glioma,Untreated,Primary,NA,NO,NO,80,DECEASED,20.87671233,Recurred,8.745205479,NO,YES,NO,NO,Glioblastoma Multiforme
TCGA.08.0524.01,TCGA.08.0524.01,FEMALE,Glioma,Untreated,Primary,NA,NO,NO,80,DECEASED,7.232876712,Recurred,2.005479452,YES,YES,NO,NO,Glioblastoma Multiforme
TCGA.08.0525.01,TCGA.08.0525.01,MALE,Glioma,Untreated,Primary,NA,YES,NO,80,DECEASED,15.97808219,Recurred,11.27671233,YES,YES,NO,NO,Glioblastoma Multiforme
TCGA.08.0529.01,TCGA.08.0529.01,FEMALE,Glioma,Untreated,Primary,NA,NO,NO,80,DECEASED,18.37808219,Recurred,10.78356164,YES,YES,NO,NO,Glioblastoma Multiforme
TCGA.08.0531.01,TCGA.08.0531.01,MALE,Glioma,Untreated,Primary,NA,NO,NO,80,DECEASED,7.561643836,NA,NA,YES,YES,NO,NO,Glioblastoma Multiforme
TCGA.12.0615.01,TCGA.12.0615.01,FEMALE,Glioma,Untreated,Primary,NA,NO,NO,60,DECEASED,15.32054795,Recurred,5.22739726,YES,YES,NO,NO,Glioblastoma Multiforme
TCGA.12.0616.01,TCGA.12.0616.01,FEMALE,Glioma,Untreated,Primary,NA,NO,NO,100,DECEASED,14.69589041,Recurred,13.05205479,YES,YES,YES,YES,Glioblastoma Multiforme
TCGA.12.0618.01,TCGA.12.0618.01,MALE,Glioma,Untreated,Primary,NA,NO,NO,60,DECEASED,12.95342466,NA,NA,YES,YES,YES,YES,Glioblastoma Multiforme
TCGA.12.0619.01,TCGA.12.0619.01,MALE,Glioma,Untreated,Primary,NA,NO,NO,80,DECEASED,34.91506849,Recurred,6.673972603,YES,YES,YES,YES,Glioblastoma Multiforme
TCGA.12.0620.01,TCGA.12.0620.01,MALE,Glioma,Untreated,Primary,NA,NO,NO,100,DECEASED,10.45479452,NA,NA,YES,YES,YES,YES,Glioblastoma Multiforme
TCGA.12.0654.01,TCGA.12.0654.01,FEMALE,Glioma,Untreated,Primary,NA,NO,NO,NA,DECEASED,7.594520548,Recurred,7.101369863,YES,YES,NO,NO,Glioblastoma Multiforme
TCGA.12.0656.01,TCGA.12.0656.01,FEMALE,Glioma,Untreated,Primary,NA,NO,NO,80,DECEASED,94.78356164,Recurred,48.23013699,YES,YES,NO,NO,Glioblastoma Multiforme
TCGA.12.0657.01,TCGA.12.0657.01,MALE,Glioma,Untreated,Primary,NA,NO,NO,NA,DECEASED,0.098630137,NA,NA,YES,YES,NO,NO,Glioblastoma Multiforme
TCGA.12.0662.01,TCGA.12.0662.01,MALE,Glioma,Untreated,Primary,NA,NO,NO,80,DECEASED,38.16986301,Recurred,19.69315068,YES,YES,NO,NO,Glioblastoma Multiforme
TCGA.12.0670.01,TCGA.12.0670.01,MALE,Glioma,Untreated,Primary,NA,NO,NO,100,DECEASED,25.97260274,Recurred,12.46027397,YES,YES,NO,NO,Glioblastoma Multiforme
TCGA.12.0688.01,TCGA.12.0688.01,MALE,Glioma,Untreated,Primary,NA,NO,NO,100,DECEASED,26.6630137,Recurred,7.495890411,YES,YES,NO,NO,Glioblastoma Multiforme
TCGA.12.0691.01,TCGA.12.0691.01,MALE,Glioma,Untreated,Primary,NA,NO,NO,100,DECEASED,12.09863014,Recurred,3.189041096,YES,YES,NO,NO,Glioblastoma Multiforme
TCGA.12.0692.01,TCGA.12.0692.01,FEMALE,Glioma,Untreated,Primary,NA,NO,NO,60,DECEASED,3.649315068,Recurred,1.150684932,YES,YES,NO,NO,Glioblastoma Multiforme
TCGA.12.0703.01,TCGA.12.0703.01,MALE,Glioma,Untreated,Primary,NA,NO,NO,80,DECEASED,20.35068493,Recurred,6.805479452,YES,YES,NO,NO,Glioblastoma Multiforme
TCGA.12.0707.01,TCGA.12.0707.01,MALE,Glioma,Untreated,Primary,NA,NO,NO,NA,DECEASED,28.37260274,NA,NA,YES,YES,NO,NO,Glioblastoma Multiforme
TCGA.12.0769.01,TCGA.12.0769.01,MALE,Glioma,Untreated,Primary,NA,NO,NO,100,DECEASED,15.05753425,Recurred,12.42739726,YES,YES,NO,NO,Glioblastoma Multiforme
TCGA.12.0772.01,TCGA.12.0772.01,MALE,Glioma,Untreated,Primary,NA,NO,NO,80,DECEASED,53.85205479,Recurred,19.95616438,YES,YES,NO,NO,Glioblastoma Multiforme
TCGA.12.0773.01,TCGA.12.0773.01,MALE,Glioma,Untreated,Primary,NA,NO,NO,100,DECEASED,43.23287671,Recurred,23.83561644,YES,YES,NO,NO,Glioblastoma Multiforme
TCGA.12.0775.01,TCGA.12.0775.01,FEMALE,Glioma,Untreated,Primary,NA,NO,NO,60,DECEASED,7.62739726,Recurred,3.090410959,YES,YES,NO,NO,Glioblastoma Multiforme
TCGA.12.0776.01,TCGA.12.0776.01,MALE,Glioma,Untreated,Primary,NA,NO,NO,80,DECEASED,9.731506849,Recurred,4.175342466,YES,YES,NO,NO,Glioblastoma Multiforme
TCGA.12.0778.01,TCGA.12.0778.01,MALE,Glioma,Untreated,Primary,NA,NO,NO,80,DECEASED,14.89315068,Recurred,7.594520548,YES,YES,NO,NO,Glioblastoma Multiforme
TCGA.12.0780.01,TCGA.12.0780.01,FEMALE,Glioma,Untreated,Primary,NA,NO,NO,80,DECEASED,14.86027397,Recurred,2.991780822,YES,YES,NO,NO,Glioblastoma Multiforme
TCGA.12.0818.01,TCGA.12.0818.01,FEMALE,Glioma,Untreated,Primary,NA,NO,NO,NA,DECEASED,91.7260274,NA,NA,YES,YES,NO,NO,Glioblastoma Multiforme
TCGA.12.0819.01,TCGA.12.0819.01,FEMALE,Glioma,Untreated,Primary,NA,NO,NO,60,DECEASED,24.75616438,Recurred,14.03835616,YES,YES,NO,NO,Glioblastoma Multiforme
TCGA.12.0820.01,TCGA.12.0820.01,MALE,Glioma,Untreated,Primary,NA,NO,NO,100,DECEASED,18.47671233,Recurred,8.942465753,YES,YES,NO,NO,Glioblastoma Multiforme
TCGA.12.0821.01,TCGA.12.0821.01,MALE,Glioma,Untreated,Primary,NA,NO,NO,60,DECEASED,10.61917808,Recurred,8.515068493,YES,YES,NO,NO,Glioblastoma Multiforme
TCGA.12.0822.01,TCGA.12.0822.01,MALE,Glioma,Untreated,Primary,NA,NO,NO,80,DECEASED,23.50684932,Recurred,2.991780822,YES,YES,NO,NO,Glioblastoma Multiforme
TCGA.12.0826.01,TCGA.12.0826.01,FEMALE,Glioma,Untreated,Primary,NA,NO,NO,NA,DECEASED,27.78082192,NA,NA,YES,YES,NO,NO,Glioblastoma Multiforme
TCGA.12.0827.01,TCGA.12.0827.01,FEMALE,Glioma,Untreated,Primary,NA,NO,NO,100,DECEASED,38.76164384,NA,NA,YES,YES,NO,NO,Glioblastoma Multiforme
TCGA.12.0828.01,TCGA.12.0828.01,MALE,Glioma,Untreated,Primary,NA,NO,NO,60,DECEASED,8.909589041,Recurred,0.42739726,YES,YES,NO,NO,Glioblastoma Multiforme
TCGA.12.0829.01,TCGA.12.0829.01,MALE,Glioma,Untreated,Primary,NA,NO,NO,80,DECEASED,20.58082192,Recurred,15.55068493,YES,YES,NO,NO,Glioblastoma Multiforme
TCGA.12.1088.01,TCGA.12.1088.01,FEMALE,Glioma,Untreated,Primary,NA,NO,NO,80,DECEASED,127.5616438,NA,NA,YES,YES,NO,NO,Glioblastoma Multiforme
TCGA.12.1089.01,TCGA.12.1089.01,MALE,Glioma,Untreated,Primary,NA,NO,NO,NA,DECEASED,5.819178082,NA,NA,YES,YES,NO,NO,Glioblastoma Multiforme
TCGA.12.1090.01,TCGA.12.1090.01,MALE,Glioma,Untreated,Primary,NA,NO,NO,60,DECEASED,7.561643836,NA,NA,YES,YES,NO,NO,Glioblastoma Multiforme
TCGA.12.1091.01,TCGA.12.1091.01,FEMALE,Glioma,Untreated,Primary,NA,NO,NO,80,DECEASED,33.20547945,Recurred,1.84109589,YES,YES,NO,NO,Glioblastoma Multiforme
TCGA.12.1092.01,TCGA.12.1092.01,MALE,Glioma,Untreated,Primary,NA,NO,NO,80,DECEASED,21.73150685,Recurred,20.94246575,YES,YES,NO,NO,Glioblastoma Multiforme
TCGA.12.1093.01,TCGA.12.1093.01,FEMALE,Glioma,Untreated,Primary,NA,NO,NO,80,DECEASED,15.97808219,Recurred,10.58630137,YES,YES,NO,NO,Glioblastoma Multiforme
TCGA.12.1094.01,TCGA.12.1094.01,MALE,Glioma,Untreated,Primary,NA,NO,NO,100,DECEASED,12.23013699,Recurred,6.115068493,YES,YES,NO,NO,Glioblastoma Multiforme
TCGA.12.1095.01,TCGA.12.1095.01,FEMALE,Glioma,Untreated,Primary,NA,NO,NO,100,DECEASED,15.84657534,Recurred,3.156164384,YES,YES,NO,NO,Glioblastoma Multiforme
TCGA.12.1096.01,TCGA.12.1096.01,MALE,Glioma,Untreated,Primary,NA,NO,NO,80,DECEASED,9.106849315,Recurred,8.876712329,YES,YES,NO,NO,Glioblastoma Multiforme
TCGA.12.1097.01,TCGA.12.1097.01,MALE,Glioma,Untreated,Primary,NA,NO,NO,100,DECEASED,14.53150685,Recurred,5.457534247,YES,YES,NO,NO,Glioblastoma Multiforme
TCGA.12.1098.01,TCGA.12.1098.01,FEMALE,Glioma,Untreated,Primary,NA,NO,NO,60,DECEASED,3.978082192,Recurred,3.057534247,YES,YES,NO,NO,Glioblastoma Multiforme
TCGA.12.1099.01,TCGA.12.1099.01,FEMALE,Glioma,Untreated,Primary,NA,NO,NO,80,DECEASED,4.109589041,Recurred,2.038356164,YES,YES,NO,NO,Glioblastoma Multiforme
TCGA.12.1597.01,TCGA.12.1597.01,FEMALE,Glioma,Untreated,Primary,NA,NO,NO,80,NA,NA,NA,NA,NO,YES,NO,NO,Glioblastoma Multiforme
TCGA.12.1598.01,TCGA.12.1598.01,FEMALE,Glioma,Untreated,Primary,NA,NO,NO,NA,DECEASED,15.64931507,NA,NA,YES,YES,NO,NO,Glioblastoma Multiforme
TCGA.12.1599.01,TCGA.12.1599.01,FEMALE,Glioma,Untreated,Primary,NA,NO,NO,80,DECEASED,25.67671233,Recurred,2.926027397,YES,YES,NO,NO,Glioblastoma Multiforme
TCGA.12.1600.01,TCGA.12.1600.01,MALE,Glioma,Untreated,Primary,NA,NO,NO,80,DECEASED,14.72876712,Recurred,13.28219178,YES,YES,NO,NO,Glioblastoma Multiforme
TCGA.12.1602.01,TCGA.12.1602.01,MALE,Glioma,Untreated,Primary,NA,NO,NO,60,DECEASED,6.739726027,Recurred,4.569863014,YES,YES,NO,NO,Glioblastoma Multiforme
TCGA.12.3644.01,TCGA.12.3644.01,FEMALE,Glioma,Untreated,Primary,NA,NO,NO,60,DECEASED,59.76986301,Recurred,37.54520548,YES,YES,NO,NO,Glioblastoma Multiforme
TCGA.12.3646.01,TCGA.12.3646.01,FEMALE,Glioma,Untreated,Primary,NA,NO,NO,80,DECEASED,43.9890411,Recurred,43.2,YES,YES,NO,NO,Glioblastoma Multiforme
TCGA.12.3648.01,TCGA.12.3648.01,FEMALE,Glioma,Untreated,Primary,NA,NO,NO,80,DECEASED,26.9260274,Recurred,2.82739726,YES,YES,NO,NO,Glioblastoma Multiforme
TCGA.12.3649.01,TCGA.12.3649.01,MALE,Glioma,Untreated,Primary,NA,NO,NO,80,DECEASED,15.22191781,Recurred,11.53972603,YES,YES,NO,NO,Glioblastoma Multiforme
TCGA.12.3650.01,TCGA.12.3650.01,MALE,Glioma,Untreated,Primary,NA,NO,NO,80,DECEASED,10.94794521,Recurred,7.857534247,YES,YES,NO,NO,Glioblastoma Multiforme
TCGA.12.3651.01,TCGA.12.3651.01,MALE,Glioma,Untreated,Primary,NA,NO,NO,80,DECEASED,12.69041096,Recurred,11.76986301,YES,YES,NO,NO,Glioblastoma Multiforme
TCGA.12.3652.01,TCGA.12.3652.01,MALE,Glioma,Untreated,Primary,NA,NO,NO,80,DECEASED,34.91506849,Recurred,6.673972603,YES,YES,NO,NO,Glioblastoma Multiforme
TCGA.12.3653.01,TCGA.12.3653.01,FEMALE,Glioma,Untreated,Primary,NA,NO,NO,80,DECEASED,14.53150685,Recurred,7.331506849,YES,YES,NO,NO,Glioblastoma Multiforme
TCGA.12.5295.01,TCGA.12.5295.01,FEMALE,Glioma,Untreated,Primary,NA,NO,NO,NA,NA,NA,NA,NA,YES,YES,NO,NO,Glioblastoma Multiforme
TCGA.12.5299.01,TCGA.12.5299.01,FEMALE,Glioma,Untreated,Primary,NA,NO,NO,80,NA,NA,NA,NA,YES,YES,NO,NO,Glioblastoma Multiforme
TCGA.12.5301.01,TCGA.12.5301.01,MALE,Glioma,Untreated,Primary,NA,NO,NO,80,NA,NA,NA,NA,YES,YES,NO,NO,Glioblastoma Multiforme
TCGA.14.0736.01,TCGA.14.0736.01,MALE,Glioma,Untreated,Primary,NA,NO,NO,100,DECEASED,15.09041096,Recurred,4.175342466,YES,YES,NO,NO,Glioblastoma Multiforme
TCGA.14.0740.01,TCGA.14.0740.01,MALE,Glioma,Untreated,Primary,NA,NO,NO,60,NA,NA,NA,NA,NO,NO,NO,NO,Glioblastoma Multiforme
TCGA.14.0781.01,TCGA.14.0781.01,MALE,Glioma,Untreated,Primary,NA,NO,NO,NA,NA,NA,NA,NA,YES,NO,NO,NO,Glioblastoma Multiforme
TCGA.14.0783.01,TCGA.14.0783.01,FEMALE,Glioma,Untreated,Primary,NA,NO,NO,80,DECEASED,6.180821918,NA,NA,YES,YES,NO,NO,Glioblastoma Multiforme
TCGA.14.0786.01,TCGA.14.0786.01,FEMALE,Glioma,Untreated,Primary,NA,NO,NO,80,DECEASED,23.04657534,Recurred,4.175342466,YES,YES,NO,NO,Glioblastoma Multiforme
TCGA.14.0787.01,TCGA.14.0787.01,MALE,Glioma,Untreated,Primary,NA,NO,NO,60,DECEASED,2.235616438,NA,NA,YES,YES,NO,NO,Glioblastoma Multiforme
TCGA.14.0789.01,TCGA.14.0789.01,MALE,Glioma,Untreated,Primary,NA,NO,NO,40,DECEASED,11.24383562,Recurred,3.452054795,YES,YES,NO,NO,Glioblastoma Multiforme
TCGA.14.0790.01,TCGA.14.0790.01,FEMALE,Glioma,Untreated,Primary,NA,NO,NO,60,DECEASED,13.74246575,NA,NA,YES,YES,NO,NO,Glioblastoma Multiforme
TCGA.14.0812.01,TCGA.14.0812.01,MALE,Glioma,Untreated,Primary,NA,NO,NO,40,DECEASED,3.254794521,NA,NA,YES,YES,NO,NO,Glioblastoma Multiforme
TCGA.14.0813.01,TCGA.14.0813.01,MALE,Glioma,Untreated,Primary,NA,NO,NO,60,DECEASED,1.347945205,NA,NA,YES,YES,NO,NO,Glioblastoma Multiforme
TCGA.14.0817.01,TCGA.14.0817.01,FEMALE,Glioma,Untreated,Primary,NA,NO,NO,60,DECEASED,5.391780822,NA,NA,YES,YES,NO,NO,Glioblastoma Multiforme
TCGA.14.0862.01,TCGA.14.0862.01,MALE,Glioma,Untreated,Primary,NA,NO,NO,40,NA,NA,NA,NA,NO,NO,NO,NO,Glioblastoma Multiforme
TCGA.14.0865.01,TCGA.14.0865.01,MALE,Glioma,Untreated,Primary,NA,NO,NO,60,DECEASED,16.50410959,Recurred,7.068493151,YES,YES,NO,NO,Glioblastoma Multiforme
TCGA.14.0866.01,TCGA.14.0866.01,MALE,Glioma,Untreated,Primary,NA,NO,NO,80,DECEASED,26.33424658,Recurred,3.189041096,YES,YES,NO,NO,Glioblastoma Multiforme
TCGA.14.0867.01,TCGA.14.0867.01,MALE,Glioma,Untreated,Primary,NA,NO,NO,60,DECEASED,2.038356164,NA,NA,YES,YES,NO,NO,Glioblastoma Multiforme
TCGA.14.0871.01,TCGA.14.0871.01,FEMALE,Glioma,Untreated,Primary,NA,NO,NO,60,DECEASED,28.89863014,NA,NA,YES,YES,NO,NO,Glioblastoma Multiforme
TCGA.14.1034.01,TCGA.14.1034.01,FEMALE,Glioma,Untreated,Primary,NA,NO,NO,60,DECEASED,15.94520548,Recurred,9.008219178,YES,YES,NO,NO,Glioblastoma Multiforme
TCGA.14.1037.01,TCGA.14.1037.01,FEMALE,Glioma,Untreated,Primary,NA,NO,NO,60,DECEASED,19.29863014,Recurred,10.71780822,YES,YES,NO,NO,Glioblastoma Multiforme
TCGA.14.1043.01,TCGA.14.1043.01,MALE,Glioma,Untreated,Primary,NA,NO,NO,40,NA,NA,NA,NA,NO,NO,NO,NO,Glioblastoma Multiforme
TCGA.14.1395.01,TCGA.14.1395.01,MALE,Glioma,Untreated,Primary,NA,NO,NO,80,NA,NA,NA,NA,NO,NO,NO,NO,Glioblastoma Multiforme
TCGA.14.1396.01,TCGA.14.1396.01,FEMALE,Glioma,Untreated,Primary,NA,NO,NO,60,DECEASED,1.117808219,NA,NA,YES,YES,NO,NO,Glioblastoma Multiforme
TCGA.14.1401.01,TCGA.14.1401.01,MALE,Glioma,Untreated,Primary,NA,NO,NO,80,DECEASED,3.747945205,NA,NA,YES,YES,NO,NO,Glioblastoma Multiforme
TCGA.14.1402.01,TCGA.14.1402.01,FEMALE,Glioma,Untreated,Primary,NA,NO,NO,80,DECEASED,32.02191781,Recurred,10.94794521,YES,YES,NO,NO,Glioblastoma Multiforme
TCGA.14.1450.01,TCGA.14.1450.01,FEMALE,Glioma,Untreated,Primary,NA,NO,NO,80,NA,NA,NA,NA,NO,NO,NO,NO,Glioblastoma Multiforme
TCGA.14.1451.01,TCGA.14.1451.01,MALE,Glioma,Untreated,Primary,NA,NO,NO,80,DECEASED,23.11232877,Recurred,0.624657534,YES,YES,NO,NO,Glioblastoma Multiforme
TCGA.14.1452.01,TCGA.14.1452.01,MALE,Glioma,Untreated,Primary,NA,NO,NO,80,DECEASED,7.101369863,Recurred,5.654794521,YES,YES,NO,NO,Glioblastoma Multiforme
TCGA.14.1453.01,TCGA.14.1453.01,MALE,Glioma,Untreated,Primary,NA,NO,NO,60,DECEASED,1.150684932,NA,NA,YES,YES,NO,NO,Glioblastoma Multiforme
TCGA.14.1454.01,TCGA.14.1454.01,FEMALE,Glioma,Untreated,Primary,NA,NO,NO,60,DECEASED,30.14794521,Recurred,9.534246575,YES,YES,NO,NO,Glioblastoma Multiforme
TCGA.14.1455.01,TCGA.14.1455.01,MALE,Glioma,Untreated,Primary,NA,NO,NO,NA,DECEASED,0.920547945,NA,NA,YES,YES,NO,NO,Glioblastoma Multiforme
TCGA.14.1456.01,TCGA.14.1456.01,MALE,Glioma,Untreated,Primary,NA,NO,NO,80,LIVING,40.93150685,Recurred,3.189041096,YES,YES,NO,NO,Glioblastoma Multiforme
TCGA.14.1458.01,TCGA.14.1458.01,MALE,Glioma,Untreated,Primary,NA,NO,NO,80,DECEASED,6.64109589,Recurred,2.630136986,YES,YES,NO,NO,Glioblastoma Multiforme
TCGA.14.1459.01,TCGA.14.1459.01,FEMALE,Glioma,Untreated,Primary,NA,NO,NO,100,DECEASED,12.42739726,Recurred,9.04109589,YES,YES,NO,NO,Glioblastoma Multiforme
TCGA.14.1794.01,TCGA.14.1794.01,MALE,Glioma,Untreated,Primary,NA,NO,NO,NA,DECEASED,0.98630137,NA,NA,YES,YES,NO,NO,Glioblastoma Multiforme
TCGA.14.1795.01,TCGA.14.1795.01,MALE,Glioma,Untreated,Primary,NA,NO,NO,60,DECEASED,1.939726027,NA,NA,YES,YES,NO,NO,Glioblastoma Multiforme
TCGA.14.1821.01,TCGA.14.1821.01,MALE,Glioma,Untreated,Primary,NA,NO,NO,80,DECEASED,17.75342466,Recurred,10.88219178,YES,YES,NO,NO,Glioblastoma Multiforme
TCGA.14.1823.01,TCGA.14.1823.01,FEMALE,Glioma,Untreated,Primary,NA,NO,YES,80,DECEASED,17.81917808,Recurred,4.569863014,YES,YES,NO,NO,Glioblastoma Multiforme
TCGA.14.1825.01,TCGA.14.1825.01,MALE,Glioma,Untreated,Primary,NA,NO,NO,80,DECEASED,7.62739726,Recurred,2.991780822,YES,YES,NO,NO,Glioblastoma Multiforme
TCGA.14.1827.01,TCGA.14.1827.01,MALE,Glioma,Untreated,Primary,NA,NO,NO,100,DECEASED,5.884931507,NA,NA,YES,YES,NO,NO,Glioblastoma Multiforme
TCGA.14.1829.01,TCGA.14.1829.01,MALE,Glioma,Untreated,Primary,NA,NO,NO,60,LIVING,7.134246575,DiseaseFree,7.134246575,YES,YES,NO,NO,Glioblastoma Multiforme
TCGA.14.2554.01,TCGA.14.2554.01,FEMALE,Glioma,Untreated,Primary,NA,NO,NO,60,DECEASED,17.49041096,NA,NA,YES,YES,NO,NO,Glioblastoma Multiforme
TCGA.14.2555.01,TCGA.14.2555.01,FEMALE,Glioma,Untreated,Primary,NA,NO,NO,80,LIVING,7.956164384,DiseaseFree,7.956164384,YES,YES,NO,NO,Glioblastoma Multiforme
TCGA.14.3476.01,TCGA.14.3476.01,MALE,Glioma,Untreated,Primary,NA,NO,NO,NA,NA,NA,NA,NA,NO,YES,NO,NO,Glioblastoma Multiforme
TCGA.14.3477.01,TCGA.14.3477.01,FEMALE,Glioma,Untreated,Primary,NA,NO,NO,80,LIVING,3.747945205,DiseaseFree,3.747945205,NO,YES,NO,NO,Glioblastoma Multiforme
TCGA.14.4157.01,TCGA.14.4157.01,MALE,Glioma,Untreated,Primary,NA,NO,NO,60,NA,NA,NA,NA,YES,YES,NO,NO,Glioblastoma Multiforme
TCGA.15.0742.01,TCGA.15.0742.01,MALE,Glioma,Untreated,Primary,NA,NO,NO,80,DECEASED,13.74246575,Recurred,7.594520548,YES,YES,NO,NO,Glioblastoma Multiforme
TCGA.15.1446.01,TCGA.15.1446.01,MALE,Glioma,Untreated,Primary,NA,NO,NO,80,LIVING,19.10136986,Recurred,14.56438356,YES,YES,NO,NO,Glioblastoma Multiforme
TCGA.15.1447.01,TCGA.15.1447.01,FEMALE,Glioma,Untreated,Primary,NA,NO,NO,80,LIVING,53.19452055,Recurred,11.17808219,YES,YES,NO,NO,Glioblastoma Multiforme
TCGA.15.1449.01,TCGA.15.1449.01,MALE,Glioma,Untreated,Primary,NA,NO,YES,60,DECEASED,13.28219178,Recurred,2.432876712,YES,YES,NO,NO,Glioblastoma Multiforme
TCGA.16.0846.01,TCGA.16.0846.01,MALE,Glioma,Untreated,Primary,NA,NO,NO,NA,DECEASED,3.912328767,NA,NA,YES,YES,NO,NO,Glioblastoma Multiforme
TCGA.16.0848.01,TCGA.16.0848.01,MALE,Glioma,Untreated,Primary,NA,NO,NO,NA,DECEASED,17.5890411,Recurred,4.24109589,YES,YES,NO,NO,Glioblastoma Multiforme
TCGA.16.0849.01,TCGA.16.0849.01,MALE,Glioma,Untreated,Primary,NA,NO,NO,NA,LIVING,26.07123288,DiseaseFree,26.07123288,YES,YES,NO,NO,Glioblastoma Multiforme
TCGA.16.0850.01,TCGA.16.0850.01,FEMALE,Glioma,Untreated,Primary,NA,NO,NO,NA,DECEASED,16.37260274,Recurred,2.728767123,YES,YES,NO,NO,Glioblastoma Multiforme
TCGA.16.0861.01,TCGA.16.0861.01,MALE,Glioma,Untreated,Primary,NA,NO,NO,NA,NA,NA,Recurred,3.057534247,YES,YES,NO,NO,Glioblastoma Multiforme
TCGA.16.1045.01,TCGA.16.1045.01,FEMALE,Glioma,Untreated,Primary,NA,NO,YES,NA,DECEASED,28.99726027,Recurred,21.50136986,YES,YES,NO,NO,Glioblastoma Multiforme
TCGA.16.1047.01,TCGA.16.1047.01,FEMALE,Glioma,Untreated,Primary,NA,NO,YES,NA,DECEASED,4.569863014,Recurred,0.821917808,YES,YES,NO,NO,Glioblastoma Multiforme
TCGA.16.1055.01,TCGA.16.1055.01,MALE,Glioma,Untreated,Primary,NA,NO,NO,NA,DECEASED,10.29041096,Recurred,9.468493151,YES,YES,NO,NO,Glioblastoma Multiforme
TCGA.16.1056.01,TCGA.16.1056.01,MALE,Glioma,Untreated,Primary,NA,NO,NO,NA,DECEASED,14.00547945,Recurred,7.857534247,YES,YES,NO,NO,Glioblastoma Multiforme
TCGA.16.1060.01,TCGA.16.1060.01,FEMALE,Glioma,Untreated,Primary,NA,NO,NO,NA,DECEASED,9.139726027,Recurred,3.649315068,YES,YES,NO,NO,Glioblastoma Multiforme
TCGA.16.1062.01,TCGA.16.1062.01,FEMALE,Glioma,Untreated,Primary,NA,NO,NO,NA,DECEASED,21.23835616,Recurred,17.03013699,YES,YES,NO,NO,Glioblastoma Multiforme
TCGA.16.1063.01,TCGA.16.1063.01,MALE,Glioma,Untreated,Primary,NA,NO,NO,NA,DECEASED,13.97260274,Recurred,12.13150685,YES,YES,NO,NO,Glioblastoma Multiforme
TCGA.16.1460.01,TCGA.16.1460.01,FEMALE,Glioma,Untreated,Primary,NA,NO,YES,NA,LIVING,6.410958904,DiseaseFree,6.410958904,YES,YES,NO,NO,Glioblastoma Multiforme
TCGA.19.0955.01,TCGA.19.0955.01,MALE,Glioma,Untreated,Primary,NA,NO,NO,NA,LIVING,11.76986301,DiseaseFree,11.76986301,YES,YES,NO,NO,Glioblastoma Multiforme
TCGA.19.0957.01,TCGA.19.0957.01,FEMALE,Glioma,Untreated,Primary,NA,NO,NO,NA,DECEASED,21.8630137,Recurred,1.643835616,YES,YES,NO,NO,Glioblastoma Multiforme
TCGA.19.0960.01,TCGA.19.0960.01,FEMALE,Glioma,Untreated,Primary,NA,NO,NO,60,LIVING,8.61369863,DiseaseFree,8.61369863,YES,YES,NO,NO,Glioblastoma Multiforme
TCGA.19.0962.01,TCGA.19.0962.01,FEMALE,Glioma,Untreated,Primary,NA,NO,NO,40,DECEASED,0.657534247,NA,NA,YES,YES,NO,NO,Glioblastoma Multiforme
TCGA.19.0963.01,TCGA.19.0963.01,MALE,Glioma,Untreated,Primary,NA,NO,NO,NA,LIVING,10.19178082,Recurred,10.19178082,YES,YES,NO,NO,Glioblastoma Multiforme
TCGA.19.0964.01,TCGA.19.0964.01,MALE,Glioma,Untreated,Primary,NA,NO,NO,60,LIVING,3.38630137,DiseaseFree,3.38630137,YES,YES,NO,NO,Glioblastoma Multiforme
TCGA.19.1385.01,TCGA.19.1385.01,MALE,Glioma,Untreated,Primary,NA,NO,NO,NA,DECEASED,10.75068493,Recurred,5.78630137,YES,YES,NO,NO,Glioblastoma Multiforme
TCGA.19.1386.01,TCGA.19.1386.01,MALE,Glioma,Untreated,Primary,NA,NO,NO,80,DECEASED,9.073972603,Recurred,7.791780822,YES,YES,NO,NO,Glioblastoma Multiforme
TCGA.19.1387.01,TCGA.19.1387.01,MALE,Glioma,Untreated,Primary,NA,NO,NO,60,LIVING,5.950684932,Recurred,2.597260274,YES,YES,NO,NO,Glioblastoma Multiforme
TCGA.19.1388.01,TCGA.19.1388.01,MALE,Glioma,Untreated,Primary,NA,NO,NO,NA,DECEASED,12.95342466,Recurred,4.865753425,YES,YES,NO,NO,Glioblastoma Multiforme
TCGA.19.1389.01,TCGA.19.1389.01,MALE,Glioma,Untreated,Primary,NA,NO,NO,80,DECEASED,4.635616438,Recurred,2.663013699,YES,YES,NO,NO,Glioblastoma Multiforme
TCGA.19.1390.01,TCGA.19.1390.01,FEMALE,Glioma,Untreated,Primary,NA,NO,NO,60,DECEASED,25.38082192,NA,NA,YES,YES,NO,NO,Glioblastoma Multiforme
TCGA.19.1392.01,TCGA.19.1392.01,FEMALE,Glioma,Untreated,Primary,NA,NO,NO,60,DECEASED,3.649315068,NA,NA,YES,YES,NO,NO,Glioblastoma Multiforme
TCGA.19.1786.01,TCGA.19.1786.01,FEMALE,Glioma,Untreated,Primary,NA,NO,NO,40,LIVING,7.134246575,DiseaseFree,7.134246575,YES,YES,NO,NO,Glioblastoma Multiforme
TCGA.19.1787.01,TCGA.19.1787.01,MALE,Glioma,Untreated,Primary,NA,NO,NO,80,DECEASED,12.65753425,Recurred,10.09315068,YES,YES,NO,NO,Glioblastoma Multiforme
TCGA.19.1788.01,TCGA.19.1788.01,MALE,Glioma,Untreated,Primary,NA,NO,NO,60,DECEASED,3.649315068,NA,NA,NO,YES,NO,NO,Glioblastoma Multiforme
TCGA.19.1789.01,TCGA.19.1789.01,FEMALE,Glioma,Untreated,Primary,NA,NO,NO,60,DECEASED,3.057534247,NA,NA,YES,YES,NO,NO,Glioblastoma Multiforme
TCGA.19.1790.01,TCGA.19.1790.01,MALE,Glioma,Untreated,Primary,NA,NO,NO,60,NA,NA,NA,NA,YES,YES,NO,NO,Glioblastoma Multiforme
TCGA.19.1791.01,TCGA.19.1791.01,FEMALE,Glioma,Untreated,Primary,NA,NO,NO,NA,LIVING,NA,DiseaseFree,NA,YES,YES,NO,NO,Glioblastoma Multiforme
TCGA.19.2619.01,TCGA.19.2619.01,FEMALE,Glioma,Untreated,Primary,NA,NO,YES,40,LIVING,9.665753425,Recurred,4.8,YES,YES,NO,NO,Glioblastoma Multiforme
TCGA.19.2620.01,TCGA.19.2620.01,MALE,Glioma,Untreated,Primary,NA,NO,NO,40,DECEASED,4.865753425,NA,NA,YES,YES,NO,NO,Glioblastoma Multiforme
TCGA.19.2621.01,TCGA.19.2621.01,MALE,Glioma,Untreated,Primary,NA,NO,NO,NA,DECEASED,1.084931507,NA,NA,YES,YES,NO,NO,Glioblastoma Multiforme
TCGA.19.2623.01,TCGA.19.2623.01,MALE,Glioma,Untreated,Primary,NA,NO,NO,80,LIVING,7.528767123,DiseaseFree,7.528767123,YES,YES,NO,NO,Glioblastoma Multiforme
TCGA.19.2624.01,TCGA.19.2624.01,MALE,Glioma,Untreated,Primary,NA,NO,NO,NA,DECEASED,0.164383562,NA,NA,YES,YES,NO,NO,Glioblastoma Multiforme
TCGA.19.2625.01,TCGA.19.2625.01,FEMALE,Glioma,Untreated,Primary,NA,NO,NO,NA,DECEASED,4.076712329,NA,NA,YES,YES,NO,NO,Glioblastoma Multiforme
TCGA.19.2629.01,TCGA.19.2629.01,MALE,Glioma,Untreated,Primary,NA,NO,NO,NA,LIVING,6.706849315,Recurred,4.865753425,YES,YES,NO,NO,Glioblastoma Multiforme
TCGA.19.2631.01,TCGA.19.2631.01,FEMALE,Glioma,Untreated,Primary,NA,NO,NO,60,NA,NA,NA,NA,YES,YES,NO,NO,Glioblastoma Multiforme
TCGA.19.4065.01,TCGA.19.4065.01,MALE,Glioma,Untreated,Primary,NA,NO,NO,NA,NA,NA,NA,NA,NO,NO,NO,NO,Glioblastoma Multiforme
TCGA.19.4068.01,TCGA.19.4068.01,FEMALE,Glioma,Untreated,Primary,NA,NO,NO,80,NA,NA,NA,NA,NO,YES,NO,NO,Glioblastoma Multiforme
TCGA.19.5947.01,TCGA.19.5947.01,FEMALE,Glioma,Untreated,Primary,NA,NO,YES,40,NA,NA,NA,NA,YES,NO,NO,NO,Glioblastoma Multiforme
TCGA.19.5950.01,TCGA.19.5950.01,FEMALE,Glioma,Untreated,Primary,NA,NO,NO,100,NA,NA,NA,NA,YES,NO,NO,NO,Glioblastoma Multiforme
TCGA.19.5951.01,TCGA.19.5951.01,MALE,Glioma,Untreated,Primary,NA,NO,NO,80,NA,NA,NA,NA,YES,NO,NO,NO,Glioblastoma Multiforme
TCGA.19.5952.01,TCGA.19.5952.01,MALE,Glioma,Untreated,Primary,NA,NO,NO,60,NA,NA,NA,NA,YES,NO,NO,NO,Glioblastoma Multiforme
TCGA.19.5953.01,TCGA.19.5953.01,MALE,Glioma,Untreated,Primary,NA,NO,NO,NA,NA,NA,NA,NA,NO,NO,NO,NO,Glioblastoma Multiforme
TCGA.19.5954.01,TCGA.19.5954.01,FEMALE,Glioma,Untreated,Primary,NA,NO,NO,60,NA,NA,NA,NA,YES,NO,NO,NO,Glioblastoma Multiforme
TCGA.19.5955.01,TCGA.19.5955.01,MALE,Glioma,Untreated,Primary,NA,NO,NO,NA,NA,NA,NA,NA,YES,NO,NO,NO,Glioblastoma Multiforme
TCGA.19.5956.01,TCGA.19.5956.01,FEMALE,Glioma,Untreated,Primary,NA,NO,NO,80,NA,NA,NA,NA,YES,NO,NO,NO,Glioblastoma Multiforme
TCGA.19.5958.01,TCGA.19.5958.01,MALE,Glioma,Untreated,Primary,NA,NO,NO,80,NA,NA,NA,NA,YES,NO,NO,NO,Glioblastoma Multiforme
TCGA.19.5959.01,TCGA.19.5959.01,FEMALE,Glioma,Untreated,Primary,NA,NO,NO,80,NA,NA,NA,NA,YES,NO,NO,NO,Glioblastoma Multiforme
TCGA.19.5960.01,TCGA.19.5960.01,MALE,Glioma,Untreated,Primary,NA,NO,NO,80,NA,NA,NA,NA,YES,NO,NO,NO,Glioblastoma Multiforme
TCGA.26.1438.01,TCGA.26.1438.01,MALE,Glioma,Untreated,Primary,NA,NO,NO,100,LIVING,10.02739726,Recurred,5.194520548,YES,YES,NO,NO,Glioblastoma Multiforme
TCGA.26.1439.01,TCGA.26.1439.01,MALE,Glioma,Untreated,Primary,NA,NO,NO,NA,NA,NA,NA,NA,YES,YES,NO,NO,Glioblastoma Multiforme
TCGA.26.1440.01,TCGA.26.1440.01,MALE,Glioma,Untreated,Primary,NA,NO,NO,80,LIVING,9.731506849,Recurred,7.660273973,YES,YES,NO,NO,Glioblastoma Multiforme
TCGA.26.1442.01,TCGA.26.1442.01,MALE,Glioma,Untreated,Primary,NA,NO,YES,80,NA,NA,NA,NA,YES,NO,NO,NO,Glioblastoma Multiforme
TCGA.26.1443.01,TCGA.26.1443.01,FEMALE,Glioma,Untreated,Primary,NA,NO,NO,60,LIVING,7.101369863,Recurred,7.101369863,YES,YES,NO,NO,Glioblastoma Multiforme
TCGA.26.1799.01,TCGA.26.1799.01,MALE,Glioma,Untreated,Primary,NA,NO,NO,60,DECEASED,9.369863014,Recurred,7.002739726,YES,YES,NO,NO,Glioblastoma Multiforme
TCGA.26.5132.01,TCGA.26.5132.01,MALE,Glioma,Untreated,Primary,NA,NO,NO,60,NA,NA,NA,NA,YES,YES,NO,NO,Glioblastoma Multiforme
TCGA.26.5133.01,TCGA.26.5133.01,MALE,Glioma,Untreated,Primary,NA,NO,NO,80,NA,NA,NA,NA,YES,YES,NO,NO,Glioblastoma Multiforme
TCGA.26.5134.01,TCGA.26.5134.01,MALE,Glioma,Untreated,Primary,NA,NO,NO,60,NA,NA,NA,NA,YES,YES,NO,NO,Glioblastoma Multiforme
TCGA.26.5135.01,TCGA.26.5135.01,FEMALE,Glioma,Untreated,Primary,NA,NO,NO,NA,NA,NA,NA,NA,YES,YES,NO,NO,Glioblastoma Multiforme
TCGA.26.5136.01,TCGA.26.5136.01,FEMALE,Glioma,Untreated,Primary,NA,NO,NO,NA,NA,NA,NA,NA,YES,YES,NO,NO,Glioblastoma Multiforme
TCGA.26.5139.01,TCGA.26.5139.01,FEMALE,Glioma,Untreated,Primary,NA,NO,NO,60,NA,NA,NA,NA,YES,YES,NO,NO,Glioblastoma Multiforme
TCGA.26.6173.01,TCGA.26.6173.01,MALE,Glioma,Untreated,Primary,NA,NO,NO,80,NA,NA,NA,NA,NO,NO,NO,NO,Glioblastoma Multiforme
TCGA.26.6174.01,TCGA.26.6174.01,FEMALE,Glioma,Untreated,Primary,NA,NO,NO,80,NA,NA,NA,NA,NO,NO,NO,NO,Glioblastoma Multiforme
TCGA.27.1830.01,TCGA.27.1830.01,MALE,Glioma,Untreated,Primary,NA,NO,NO,80,DECEASED,5.063013699,Recurred,4.076712329,YES,YES,NO,NO,Glioblastoma Multiforme
TCGA.27.1831.01,TCGA.27.1831.01,MALE,Glioma,Untreated,Primary,NA,NO,NO,80,DECEASED,16.56986301,Recurred,4.701369863,YES,YES,NO,NO,Glioblastoma Multiforme
TCGA.27.1832.01,TCGA.27.1832.01,FEMALE,Glioma,Untreated,Primary,NA,NO,NO,100,DECEASED,9.863013699,Recurred,6.016438356,YES,YES,NO,NO,Glioblastoma Multiforme
TCGA.27.1833.01,TCGA.27.1833.01,FEMALE,Glioma,Untreated,Primary,NA,NO,NO,80,DECEASED,24.23013699,Recurred,15.41917808,YES,YES,NO,NO,Glioblastoma Multiforme
TCGA.27.1834.01,TCGA.27.1834.01,MALE,Glioma,Untreated,Primary,NA,NO,NO,80,DECEASED,40.50410959,Recurred,11.01369863,YES,YES,NO,NO,Glioblastoma Multiforme
TCGA.27.1835.01,TCGA.27.1835.01,FEMALE,Glioma,Untreated,Primary,NA,NO,NO,80,DECEASED,21.30410959,Recurred,5.161643836,YES,YES,NO,NO,Glioblastoma Multiforme
TCGA.27.1836.01,TCGA.27.1836.01,FEMALE,Glioma,Untreated,Primary,NA,NO,NO,80,DECEASED,30.04931507,Recurred,5.654794521,YES,YES,NO,NO,Glioblastoma Multiforme
TCGA.27.1837.01,TCGA.27.1837.01,MALE,Glioma,Untreated,Primary,NA,NO,NO,80,DECEASED,14.03835616,Recurred,4.438356164,YES,YES,NO,NO,Glioblastoma Multiforme
TCGA.27.1838.01,TCGA.27.1838.01,FEMALE,Glioma,Untreated,Primary,NA,NO,NO,80,DECEASED,11.50684932,Recurred,3.912328767,YES,YES,NO,NO,Glioblastoma Multiforme
TCGA.27.2518.01,TCGA.27.2518.01,MALE,Glioma,Untreated,Primary,NA,NO,NO,80,DECEASED,24.72328767,Recurred,17.68767123,YES,YES,NO,NO,Glioblastoma Multiforme
TCGA.27.2519.01,TCGA.27.2519.01,MALE,Glioma,Untreated,Primary,NA,NO,NO,80,LIVING,10.3890411,Recurred,8.416438356,YES,YES,NO,NO,Glioblastoma Multiforme
TCGA.27.2521.01,TCGA.27.2521.01,MALE,Glioma,Untreated,Primary,NA,NO,NO,80,LIVING,10.3890411,DiseaseFree,10.3890411,YES,YES,NO,NO,Glioblastoma Multiforme
TCGA.27.2523.01,TCGA.27.2523.01,MALE,Glioma,Untreated,Primary,NA,NO,NO,80,DECEASED,16.07671233,Recurred,13.21643836,YES,YES,NO,NO,Glioblastoma Multiforme
TCGA.27.2524.01,TCGA.27.2524.01,MALE,Glioma,Untreated,Primary,NA,NO,NO,80,DECEASED,7.594520548,NA,NA,YES,YES,NO,NO,Glioblastoma Multiforme
TCGA.27.2526.01,TCGA.27.2526.01,FEMALE,Glioma,Untreated,Primary,NA,NO,NO,40,DECEASED,2.860273973,NA,NA,YES,YES,NO,NO,Glioblastoma Multiforme
TCGA.27.2527.01,TCGA.27.2527.01,MALE,Glioma,Untreated,Primary,NA,NO,NO,80,DECEASED,14.4,NA,NA,YES,YES,NO,NO,Glioblastoma Multiforme
TCGA.27.2528.01,TCGA.27.2528.01,MALE,Glioma,Untreated,Primary,NA,NO,NO,80,DECEASED,15.74794521,Recurred,2.334246575,YES,YES,NO,NO,Glioblastoma Multiforme
TCGA.28.1745.01,TCGA.28.1745.01,MALE,Glioma,Untreated,Primary,NA,NO,NO,60,LIVING,11.30958904,Recurred,10.3890411,NO,YES,NO,NO,Glioblastoma Multiforme
TCGA.28.1746.01,TCGA.28.1746.01,FEMALE,Glioma,Untreated,Primary,NA,NO,NO,80,LIVING,0.197260274,DiseaseFree,0.197260274,YES,YES,NO,NO,Glioblastoma Multiforme
TCGA.28.1747.01,TCGA.28.1747.01,MALE,Glioma,Untreated,Primary,NA,NO,NO,NA,DECEASED,2.531506849,NA,NA,YES,YES,NO,NO,Glioblastoma Multiforme
TCGA.28.1749.01,TCGA.28.1749.01,MALE,Glioma,Untreated,Primary,NA,NO,NO,80,LIVING,9.17260274,Recurred,9.17260274,YES,YES,NO,NO,Glioblastoma Multiforme
TCGA.28.1750.01,TCGA.28.1750.01,FEMALE,Glioma,Untreated,Primary,NA,NO,NO,60,LIVING,8.317808219,Recurred,3.780821918,YES,YES,NO,NO,Glioblastoma Multiforme
TCGA.28.1751.01,TCGA.28.1751.01,FEMALE,Glioma,Untreated,Primary,NA,NO,NO,80,LIVING,7.594520548,Recurred,7.167123288,YES,YES,NO,NO,Glioblastoma Multiforme
TCGA.28.1752.01,TCGA.28.1752.01,FEMALE,Glioma,Untreated,Primary,NA,NO,NO,80,LIVING,8.449315068,DiseaseFree,8.449315068,YES,YES,NO,NO,Glioblastoma Multiforme
TCGA.28.1753.01,TCGA.28.1753.01,MALE,Glioma,Untreated,Primary,NA,NO,NO,NA,LIVING,1.183561644,DiseaseFree,1.183561644,YES,YES,NO,NO,Glioblastoma Multiforme
TCGA.28.1755.01,TCGA.28.1755.01,FEMALE,Glioma,Untreated,Primary,NA,NO,NO,60,DECEASED,1.512328767,NA,NA,YES,YES,NO,NO,Glioblastoma Multiforme
TCGA.28.1756.01,TCGA.28.1756.01,MALE,Glioma,Untreated,Primary,NA,NO,NO,80,LIVING,2.82739726,DiseaseFree,2.82739726,YES,YES,NO,NO,Glioblastoma Multiforme
TCGA.28.1757.01,TCGA.28.1757.01,MALE,Glioma,Untreated,Primary,NA,NO,NO,80,LIVING,0.131506849,DiseaseFree,0.131506849,YES,YES,NO,NO,Glioblastoma Multiforme
TCGA.28.1760.01,TCGA.28.1760.01,MALE,Glioma,Untreated,Primary,NA,NO,NO,NA,LIVING,4.701369863,Recurred,3.452054795,NO,YES,NO,NO,Glioblastoma Multiforme
TCGA.28.2499.01,TCGA.28.2499.01,MALE,Glioma,Untreated,Primary,NA,NO,NO,NA,NA,NA,NA,NA,NO,NO,NO,NO,Glioblastoma Multiforme
TCGA.28.2502.01,TCGA.28.2502.01,MALE,Glioma,Untreated,Primary,NA,NO,NO,20,LIVING,0.657534247,DiseaseFree,0.657534247,YES,YES,NO,NO,Glioblastoma Multiforme
TCGA.28.2506.01,TCGA.28.2506.01,FEMALE,Glioma,Untreated,Primary,NA,NO,NO,80,LIVING,6.739726027,Recurred,2.761643836,YES,YES,NO,NO,Glioblastoma Multiforme
TCGA.28.2509.01,TCGA.28.2509.01,FEMALE,Glioma,Untreated,Primary,NA,NO,NO,80,LIVING,4.767123288,DiseaseFree,4.767123288,YES,YES,NO,NO,Glioblastoma Multiforme
TCGA.28.2512.01,TCGA.28.2512.01,MALE,Glioma,Untreated,Primary,NA,NO,NO,90,NA,NA,NA,NA,NO,NO,NO,NO,Glioblastoma Multiforme
TCGA.28.2513.01,TCGA.28.2513.01,FEMALE,Glioma,Untreated,Primary,NA,NO,NO,80,LIVING,7.298630137,Recurred,2.465753425,YES,YES,NO,NO,Glioblastoma Multiforme
TCGA.28.2514.01,TCGA.28.2514.01,MALE,Glioma,Untreated,Primary,NA,NO,NO,60,LIVING,5.260273973,DiseaseFree,5.260273973,YES,YES,NO,NO,Glioblastoma Multiforme
TCGA.28.5204.01,TCGA.28.5204.01,MALE,Glioma,Untreated,Primary,NA,NO,NO,80,NA,NA,NA,NA,YES,YES,NO,NO,Glioblastoma Multiforme
TCGA.28.5207.01,TCGA.28.5207.01,MALE,Glioma,Untreated,Primary,NA,NO,NO,70,NA,NA,NA,NA,YES,YES,NO,NO,Glioblastoma Multiforme
TCGA.28.5208.01,TCGA.28.5208.01,MALE,Glioma,Untreated,Primary,NA,NO,NO,70,NA,NA,NA,NA,YES,YES,NO,NO,Glioblastoma Multiforme
TCGA.28.5209.01,TCGA.28.5209.01,FEMALE,Glioma,Untreated,Primary,NA,NO,NO,NA,NA,NA,NA,NA,YES,YES,NO,NO,Glioblastoma Multiforme
TCGA.28.5211.01,TCGA.28.5211.01,MALE,Glioma,Untreated,Primary,NA,NO,NO,100,NA,NA,NA,NA,NO,NO,NO,NO,Glioblastoma Multiforme
TCGA.28.5213.01,TCGA.28.5213.01,MALE,Glioma,Untreated,Primary,NA,NO,NO,80,NA,NA,NA,NA,YES,YES,NO,NO,Glioblastoma Multiforme
TCGA.28.5214.01,TCGA.28.5214.01,MALE,Glioma,Untreated,Primary,NA,NO,NO,70,NA,NA,NA,NA,YES,YES,NO,NO,Glioblastoma Multiforme
TCGA.28.5215.01,TCGA.28.5215.01,FEMALE,Glioma,Untreated,Primary,NA,NO,NO,90,NA,NA,NA,NA,YES,YES,NO,NO,Glioblastoma Multiforme
TCGA.28.5216.01,TCGA.28.5216.01,MALE,Glioma,Untreated,Primary,NA,NO,NO,80,NA,NA,NA,NA,YES,YES,NO,NO,Glioblastoma Multiforme
TCGA.28.5218.01,TCGA.28.5218.01,MALE,Glioma,Untreated,Primary,NA,NO,NO,NA,NA,NA,NA,NA,YES,YES,NO,NO,Glioblastoma Multiforme
TCGA.28.5219.01,TCGA.28.5219.01,FEMALE,Glioma,Untreated,Primary,NA,NO,NO,70,NA,NA,NA,NA,YES,YES,NO,NO,Glioblastoma Multiforme
TCGA.28.5220.01,TCGA.28.5220.01,MALE,Glioma,Untreated,Primary,NA,NO,NO,90,NA,NA,NA,NA,YES,YES,NO,NO,Glioblastoma Multiforme
TCGA.28.6450.01,TCGA.28.6450.01,MALE,Glioma,Untreated,Primary,NA,NO,NO,NA,NA,NA,NA,NA,YES,NO,NO,NO,Glioblastoma Multiforme
TCGA.32.1970.01,TCGA.32.1970.01,MALE,Glioma,Untreated,Primary,NA,NO,NO,NA,DECEASED,15.35342466,Recurred,13.41369863,YES,YES,NO,NO,Glioblastoma Multiforme
TCGA.32.1973.01,TCGA.32.1973.01,MALE,Glioma,Untreated,Primary,NA,NO,NO,NA,NA,NA,NA,NA,YES,YES,NO,NO,Glioblastoma Multiforme
TCGA.32.1976.01,TCGA.32.1976.01,MALE,Glioma,Untreated,Primary,NA,NO,NO,60,DECEASED,0.493150685,NA,NA,YES,YES,NO,NO,Glioblastoma Multiforme
TCGA.32.1977.01,TCGA.32.1977.01,FEMALE,Glioma,Untreated,Primary,NA,NO,NO,NA,NA,NA,NA,NA,YES,YES,NO,NO,Glioblastoma Multiforme
TCGA.32.1978.01,TCGA.32.1978.01,MALE,Glioma,Untreated,Primary,NA,NO,NO,NA,NA,NA,NA,NA,YES,YES,NO,NO,Glioblastoma Multiforme
TCGA.32.1979.01,TCGA.32.1979.01,FEMALE,Glioma,Untreated,Primary,NA,NO,NO,NA,NA,NA,NA,NA,YES,NO,NO,NO,Glioblastoma Multiforme
TCGA.32.1980.01,TCGA.32.1980.01,MALE,Glioma,Untreated,Primary,NA,NO,NO,NA,NA,NA,NA,NA,YES,NO,NO,NO,Glioblastoma Multiforme
TCGA.32.1982.01,TCGA.32.1982.01,FEMALE,Glioma,Untreated,Primary,NA,NO,NO,80,DECEASED,4.668493151,NA,NA,YES,YES,NO,NO,Glioblastoma Multiforme
TCGA.32.1986.01,TCGA.32.1986.01,MALE,Glioma,Untreated,Primary,NA,NO,NO,20,LIVING,7.660273973,Recurred,7.660273973,YES,YES,NO,NO,Glioblastoma Multiforme
TCGA.32.1987.01,TCGA.32.1987.01,FEMALE,Glioma,Untreated,Primary,NA,NO,NO,NA,NA,NA,NA,NA,YES,YES,NO,NO,Glioblastoma Multiforme
TCGA.32.1991.01,TCGA.32.1991.01,MALE,Glioma,Untreated,Primary,NA,NO,NO,NA,NA,NA,NA,NA,YES,YES,NO,NO,Glioblastoma Multiforme
TCGA.32.2491.01,TCGA.32.2491.01,MALE,Glioma,Untreated,Primary,NA,NO,NO,NA,NA,NA,NA,NA,YES,YES,NO,NO,Glioblastoma Multiforme
TCGA.32.2494.01,TCGA.32.2494.01,FEMALE,Glioma,Untreated,Primary,NA,NO,NO,NA,NA,NA,NA,NA,YES,YES,NO,NO,Glioblastoma Multiforme
TCGA.32.2495.01,TCGA.32.2495.01,FEMALE,Glioma,Treated,Primary,NA,YES,YES,NA,NA,NA,NA,NA,YES,YES,NO,NO,Glioblastoma Multiforme
TCGA.32.2615.01,TCGA.32.2615.01,MALE,Glioma,Untreated,Primary,NA,NO,NO,80,LIVING,10.29041096,Recurred,4.306849315,YES,YES,NO,NO,Glioblastoma Multiforme
TCGA.32.2616.01,TCGA.32.2616.01,FEMALE,Glioma,Untreated,Primary,NA,NO,NO,NA,DECEASED,7.331506849,Recurred,5.950684932,YES,YES,NO,NO,Glioblastoma Multiforme
TCGA.32.2632.01,TCGA.32.2632.01,MALE,Glioma,Untreated,Primary,NA,NO,NO,NA,DECEASED,8.843835616,NA,NA,YES,YES,NO,NO,Glioblastoma Multiforme
TCGA.32.2634.01,TCGA.32.2634.01,MALE,Glioma,Untreated,Primary,NA,NO,NO,NA,LIVING,8.876712329,DiseaseFree,8.876712329,YES,YES,NO,NO,Glioblastoma Multiforme
TCGA.32.2638.01,TCGA.32.2638.01,MALE,Glioma,Untreated,Primary,NA,NO,NO,NA,LIVING,7.364383562,DiseaseFree,7.364383562,YES,YES,NO,NO,Glioblastoma Multiforme
TCGA.32.4208.01,TCGA.32.4208.01,MALE,Glioma,Untreated,Primary,NA,NO,NO,NA,NA,NA,NA,NA,YES,YES,NO,NO,Glioblastoma Multiforme
TCGA.32.4209.01,TCGA.32.4209.01,MALE,Glioma,Treated,Primary,NA,NO,YES,NA,NA,NA,NA,NA,NO,YES,NO,NO,Glioblastoma Multiforme
TCGA.32.4210.01,TCGA.32.4210.01,MALE,Glioma,Untreated,Primary,NA,NO,NO,NA,NA,NA,NA,NA,YES,YES,NO,NO,Glioblastoma Multiforme
TCGA.32.4211.01,TCGA.32.4211.01,MALE,Glioma,Untreated,Primary,NA,NO,NO,NA,NA,NA,NA,NA,YES,YES,NO,NO,Glioblastoma Multiforme
TCGA.32.4213.01,TCGA.32.4213.01,FEMALE,Glioma,Untreated,Primary,NA,NO,NO,NA,NA,NA,NA,NA,YES,YES,NO,NO,Glioblastoma Multiforme
TCGA.32.4719.01,TCGA.32.4719.01,MALE,Glioma,Untreated,Primary,NA,NO,NO,NA,NA,NA,NA,NA,YES,YES,NO,NO,Glioblastoma Multiforme
TCGA.32.5222.01,TCGA.32.5222.01,MALE,Glioma,Untreated,Primary,NA,NO,NO,NA,NA,NA,NA,NA,YES,YES,NO,NO,Glioblastoma Multiforme
TCGA.41.2571.01,TCGA.41.2571.01,MALE,Glioma,Untreated,Primary,NA,NO,NO,60,DECEASED,0.854794521,Recurred,0.854794521,YES,YES,NO,NO,Glioblastoma Multiforme
TCGA.41.2572.01,TCGA.41.2572.01,MALE,Glioma,Untreated,Primary,NA,NO,NO,NA,NA,NA,NA,NA,YES,YES,NO,NO,Glioblastoma Multiforme
TCGA.41.2573.01,TCGA.41.2573.01,MALE,Glioma,Untreated,Primary,NA,NO,NO,60,LIVING,8.942465753,Recurred,5.490410959,YES,YES,NO,NO,Glioblastoma Multiforme
TCGA.41.2575.01,TCGA.41.2575.01,MALE,Glioma,Untreated,Primary,NA,NO,NO,60,DECEASED,9.534246575,Recurred,4.306849315,YES,YES,NO,NO,Glioblastoma Multiforme
TCGA.41.3392.01,TCGA.41.3392.01,MALE,Glioma,Untreated,Primary,NA,NO,NO,NA,DECEASED,0.98630137,NA,NA,YES,YES,NO,NO,Glioblastoma Multiforme
TCGA.41.3393.01,TCGA.41.3393.01,FEMALE,Glioma,Untreated,Primary,NA,NO,NO,NA,NA,NA,NA,NA,YES,YES,NO,NO,Glioblastoma Multiforme
TCGA.41.3915.01,TCGA.41.3915.01,MALE,Glioma,Untreated,Primary,NA,NO,NO,NA,NA,NA,NA,NA,YES,YES,NO,NO,Glioblastoma Multiforme
TCGA.41.4097.01,TCGA.41.4097.01,FEMALE,Glioma,Untreated,Primary,NA,NO,NO,NA,NA,NA,NA,NA,YES,YES,NO,NO,Glioblastoma Multiforme
TCGA.41.5651.01,TCGA.41.5651.01,FEMALE,Glioma,Untreated,Primary,NA,NO,NO,NA,NA,NA,NA,NA,YES,NO,NO,NO,Glioblastoma Multiforme
TCGA.41.6646.01,TCGA.41.6646.01,FEMALE,Glioma,Untreated,Primary,NA,NO,NO,NA,NA,NA,NA,NA,NO,NO,NO,NO,Glioblastoma Multiforme
TCGA.74.6573.01,TCGA.74.6573.01,MALE,Glioma,Untreated,Primary,NA,NO,NO,100,NA,NA,NA,NA,NO,NO,NO,NO,Glioblastoma Multiforme
TCGA.74.6575.01,TCGA.74.6575.01,FEMALE,Glioma,Untreated,Primary,NA,NO,NO,90,NA,NA,NA,NA,NO,NO,NO,NO,Glioblastoma Multiforme
TCGA.74.6577.01,TCGA.74.6577.01,MALE,Glioma,Untreated,Primary,NA,NO,NO,90,NA,NA,NA,NA,NO,NO,NO,NO,Glioblastoma Multiforme
TCGA.74.6578.01,TCGA.74.6578.01,MALE,Glioma,Untreated,Primary,NA,NO,NO,100,NA,NA,NA,NA,NO,NO,NO,NO,Glioblastoma Multiforme
TCGA.74.6581.01,TCGA.74.6581.01,MALE,Glioma,Untreated,Primary,NA,NO,NO,100,NA,NA,NA,NA,NO,NO,NO,NO,Glioblastoma Multiforme
TCGA.74.6584.01,TCGA.74.6584.01,FEMALE,Glioma,Untreated,Primary,NA,NO,NO,80,NA,NA,NA,NA,NO,NO,NO,NO,Glioblastoma Multiforme
TCGA.76.4925.01,TCGA.76.4925.01,MALE,Glioma,Untreated,Primary,NA,NO,NO,100,NA,NA,NA,NA,YES,YES,NO,NO,Glioblastoma Multiforme
TCGA.76.4926.01,TCGA.76.4926.01,MALE,Glioma,Untreated,Primary,NA,NO,NO,80,NA,NA,NA,NA,YES,YES,NO,NO,Glioblastoma Multiforme
TCGA.76.4927.01,TCGA.76.4927.01,MALE,Glioma,Untreated,Primary,NA,NO,NO,80,NA,NA,NA,NA,NO,YES,NO,NO,Glioblastoma Multiforme
TCGA.76.4928.01,TCGA.76.4928.01,FEMALE,Glioma,Untreated,Primary,NA,NO,NO,80,NA,NA,NA,NA,YES,YES,NO,NO,Glioblastoma Multiforme
TCGA.76.4929.01,TCGA.76.4929.01,FEMALE,Glioma,Untreated,Primary,NA,NO,NO,80,NA,NA,NA,NA,YES,YES,NO,NO,Glioblastoma Multiforme
TCGA.76.4931.01,TCGA.76.4931.01,FEMALE,Glioma,Untreated,Primary,NA,NO,NO,80,NA,NA,NA,NA,YES,YES,NO,NO,Glioblastoma Multiforme
TCGA.76.4932.01,TCGA.76.4932.01,FEMALE,Glioma,Treated,Primary,NA,NO,NO,80,NA,NA,NA,NA,NO,YES,NO,NO,Glioblastoma Multiforme
TCGA.76.4934.01,TCGA.76.4934.01,FEMALE,Glioma,Untreated,Primary,NA,NO,NO,80,NA,NA,NA,NA,YES,YES,NO,NO,Glioblastoma Multiforme
TCGA.76.4935.01,TCGA.76.4935.01,FEMALE,Glioma,Untreated,Primary,NA,NO,NO,80,NA,NA,NA,NA,YES,YES,NO,NO,Glioblastoma Multiforme
TCGA.76.6191.01,TCGA.76.6191.01,MALE,Glioma,Untreated,Primary,NA,NO,NO,80,NA,NA,NA,NA,YES,NO,NO,NO,Glioblastoma Multiforme
TCGA.76.6192.01,TCGA.76.6192.01,MALE,Glioma,Untreated,Primary,NA,NO,NO,80,NA,NA,NA,NA,YES,NO,NO,NO,Glioblastoma Multiforme
TCGA.76.6193.01,TCGA.76.6193.01,MALE,Glioma,Untreated,Primary,NA,NO,NO,60,NA,NA,NA,NA,YES,NO,NO,NO,Glioblastoma Multiforme
TCGA.76.6280.01,TCGA.76.6280.01,MALE,Glioma,Untreated,Primary,NA,NO,NO,80,NA,NA,NA,NA,NO,NO,NO,NO,Glioblastoma Multiforme
TCGA.76.6282.01,TCGA.76.6282.01,MALE,Glioma,Untreated,Primary,NA,NO,NO,80,NA,NA,NA,NA,YES,NO,NO,NO,Glioblastoma Multiforme
TCGA.76.6285.01,TCGA.76.6285.01,FEMALE,Glioma,Untreated,Primary,NA,NO,NO,80,NA,NA,NA,NA,YES,NO,NO,NO,Glioblastoma Multiforme
TCGA.76.6286.01,TCGA.76.6286.01,MALE,Glioma,Untreated,Primary,NA,NO,NO,80,NA,NA,NA,NA,NO,NO,NO,NO,Glioblastoma Multiforme
TCGA.76.6656.01,TCGA.76.6656.01,MALE,Glioma,Untreated,Primary,NA,NA,NO,60,NA,NA,NA,NA,NO,NO,NO,NO,Glioblastoma Multiforme
TCGA.76.6657.01,TCGA.76.6657.01,MALE,Glioma,Untreated,Primary,NA,NO,NO,80,NA,NA,NA,NA,NO,NO,NO,NO,Glioblastoma Multiforme
TCGA.76.6661.01,TCGA.76.6661.01,MALE,Glioma,Untreated,Primary,NA,NO,NO,60,NA,NA,NA,NA,NO,NO,NO,NO,Glioblastoma Multiforme
TCGA.76.6662.01,TCGA.76.6662.01,MALE,Glioma,Untreated,Primary,NA,NO,NO,80,NA,NA,NA,NA,NO,NO,NO,NO,Glioblastoma Multiforme
TCGA.76.6663.01,TCGA.76.6663.01,FEMALE,Glioma,Untreated,Primary,NA,NO,NO,80,NA,NA,NA,NA,NO,NO,NO,NO,Glioblastoma Multiforme
TCGA.76.6664.01,TCGA.76.6664.01,FEMALE,Glioma,Untreated,Primary,NA,NO,NO,80,NA,NA,NA,NA,NO,NO,NO,NO,Glioblastoma Multiforme
TCGA.81.5910.01,TCGA.81.5910.01,MALE,Glioma,Untreated,Primary,NA,NO,NO,40,NA,NA,NA,NA,YES,NO,NO,NO,Glioblastoma Multiforme
TCGA.81.5911.01,TCGA.81.5911.01,MALE,Glioma,Untreated,Primary,NA,NO,NO,NA,NA,NA,NA,NA,NO,NO,NO,NO,Glioblastoma Multiforme
TCGA.87.5896.01,TCGA.87.5896.01,FEMALE,Glioma,Untreated,Primary,NA,NO,NO,NA,NA,NA,NA,NA,YES,NO,NO,NO,Glioblastoma Multiforme
